water_year,Barwon-Darling,Border Rivers,Campaspe,Condamine-Balonne,Eastern Mt Lofty Ranges,Goulburn-Broken,Gwydir,Lachlan,Loddon,Lower Darling,Macquarie-Castlereagh,Moonie,Murray,Murrumbidgee,Namoi,Ovens,Paroo,Warrego,Wimmera-Avoca,Northern Basin ,Southern Basin ,Total MDB
1890,,,,,,,,,,,,,,,,,,,,,,
1891,,,,,,,,,,,,,,,,,,,,,,
1892,,,,,,,,,,,,,,,,,,,,,,
1893,,,,,,,,,,,,,,,,,,,,,,
1894,,,,,,,,,,,,,,,,,,,,,,
1895,,,,,,,,,,,,,,,,,,,,,,
1896,,,,,,,,,,,,,,,,,,,,,,
1897,,,,,,,,,,,,,,,,,,,,,,
1898,,,,,,,,,,,,,,,,,,,,,,
1899,,,,,,,,,,,,,,,,,,,,,,
1900,,,,,,,,,,,,,,,,,,,,,,
1901,,,,,,,,,,,,,,,,,,,,,,
1902,,,,,,,,,,,,,,,,,,,,,,
1903,,,,,,,,,,,,,,,,,,,,,,
1904,,,,,,,,,,,,,,,,,,,,,,
1905,,,,,,,,,,,,,,,,,,,,,,
1906,,,,,,,,,,,,,,,,,,,,,,
1907,,,,,,,,,,,,,,,,,,,,,,
1908,,,,,,,,,,,,,,,,,,,,,,
1909,,,,,,,,,,,,,,,,,,,,,,
1910,,,,,,,,,,,,,,,,,,,,,,
1911,Wet,Dry,Moderate,Dry,Dry,Dry,Dry,Moderate,Moderate,Wet,Moderate,Moderate,Dry,Dry,Moderate,Dry,Moderate,Moderate,Moderate,Dry,Dry,Dry
1912,Wet,Moderate,Moderate,Moderate,Moderate,Moderate,Moderate,Moderate,Moderate,Moderate,Moderate,Moderate,Moderate,Moderate,Moderate,Moderate,Moderate,Moderate,Moderate,Moderate,Moderate,Moderate
1913,Moderate,Moderate,Moderate,Dry,Very Dry,Dry,Moderate,Dry,Dry,Moderate,Dry,Moderate,Dry,Dry,Dry,Dry,Moderate,Moderate,Moderate,Dry,Dry,Very Dry
1914,Dry,Very Dry,Very Dry,Very Dry,Very Dry,Very Dry,Very Dry,Dry,Very Dry,Dry,Very Dry,Very Dry,Very Dry,Very Dry,Very Dry,Very Dry,Dry,Very Dry,Very Dry,Very Dry,Very Dry,Very Dry
1915,Very Dry,Very Dry,Moderate,Very Dry,Wet,Moderate,Very Dry,Moderate,Moderate,Very Dry,Dry,Very Dry,Moderate,Moderate,Dry,Moderate,Very Dry,Very Dry,Wet,Very Dry,Moderate,Moderate
1916,Moderate,Very Wet,Very Wet,Very Wet,Very Wet,Very Wet,Very Wet,Very Wet,Very Wet,Moderate,Wet,Very Wet,Very Wet,Very Wet,Wet,Very Wet,Moderate,Very Wet,Wet,Very Wet,Very Wet,Very Wet
1917,Moderate,Wet,Very Wet,Wet,Very Wet,Very Wet,Moderate,Wet,Very Wet,Wet,Moderate,Wet,Very Wet,Very Wet,Moderate,Very Wet,Wet,Wet,Very Wet,Wet,Very Wet,Very Wet
1918,Dry,Dry,Moderate,Dry,Moderate,Moderate,Dry,Moderate,Moderate,Moderate,Dry,Dry,Moderate,Moderate,Very Dry,Moderate,Moderate,Moderate,Moderate,Very Dry,Moderate,Moderate
1919,Very Dry,Very Dry,Dry,Very Dry,Moderate,Dry,Very Dry,Dry,Dry,Very Dry,Very Dry,Moderate,Dry,Very Dry,Very Dry,Very Dry,Dry,Moderate,Moderate,Very Dry,Dry,Very Dry
1920,Moderate,Moderate,Wet,Wet,Moderate,Moderate,Wet,Moderate,Wet,Wet,Very Wet,Moderate,Moderate,Moderate,Very Wet,Moderate,Wet,Wet,Wet,Wet,Moderate,Wet
1921,Moderate,Very Wet,Moderate,Wet,Moderate,Moderate,Very Wet,Moderate,Wet,Dry,Moderate,Wet,Moderate,Moderate,Wet,Moderate,Wet,Wet,Moderate,Wet,Moderate,Wet
1922,Dry,Moderate,Moderate,Very Dry,Very Wet,Dry,Moderate,Moderate,Moderate,Moderate,Moderate,Very Dry,Moderate,Moderate,Dry,Moderate,Moderate,Moderate,Moderate,Dry,Moderate,Moderate
1923,Dry,Moderate,Wet,Moderate,Very Wet,Wet,Dry,Wet,Very Wet,Moderate,Moderate,Moderate,Moderate,Moderate,Moderate,Moderate,Dry,Moderate,Very Wet,Moderate,Moderate,Moderate
1924,Moderate,Wet,Wet,Wet,Moderate,Moderate,Moderate,Moderate,Wet,Moderate,Moderate,Wet,Wet,Wet,Moderate,Moderate,Moderate,Wet,Wet,Wet,Wet,Wet
1925,Moderate,Moderate,Dry,Moderate,Moderate,Moderate,Moderate,Moderate,Dry,Moderate,Wet,Moderate,Moderate,Moderate,Moderate,Moderate,Moderate,Moderate,Moderate,Moderate,Moderate,Moderate
1926,Very Dry,Dry,Dry,Moderate,Wet,Dry,Very Dry,Moderate,Moderate,Very Dry,Moderate,Dry,Moderate,Moderate,Dry,Moderate,Very Dry,Moderate,Moderate,Moderate,Moderate,Moderate
1927,Dry,Moderate,Moderate,Wet,Moderate,Moderate,Moderate,Moderate,Moderate,Dry,Moderate,Moderate,Moderate,Moderate,Moderate,Moderate,Moderate,Wet,Moderate,Moderate,Moderate,Moderate
1928,Very Dry,Moderate,Dry,Moderate,Moderate,Dry,Moderate,Dry,Dry,Very Dry,Dry,Moderate,Dry,Very Dry,Moderate,Moderate,Very Dry,Dry,Dry,Dry,Dry,Dry
1929,Very Dry,Dry,Dry,Dry,Dry,Dry,Very Dry,Dry,Dry,Dry,Dry,Dry,Very Dry,Very Dry,Dry,Very Dry,Dry,Moderate,Dry,Very Dry,Very Dry,Very Dry
1930,Moderate,Moderate,Wet,Dry,Dry,Wet,Wet,Wet,Moderate,Moderate,Wet,Moderate,Wet,Very Wet,Wet,Very Wet,Moderate,Dry,Wet,Moderate,Wet,Moderate
1931,Moderate,Moderate,Wet,Moderate,Wet,Wet,Moderate,Moderate,Moderate,Moderate,Moderate,Moderate,Moderate,Moderate,Moderate,Wet,Moderate,Moderate,Moderate,Moderate,Moderate,Moderate
1932,Dry,Dry,Moderate,Very Dry,Wet,Moderate,Dry,Moderate,Moderate,Very Dry,Moderate,Very Dry,Moderate,Moderate,Moderate,Moderate,Moderate,Dry,Moderate,Dry,Moderate,Moderate
1933,Moderate,Moderate,Moderate,Moderate,Moderate,Moderate,Wet,Moderate,Wet,Wet,Moderate,Moderate,Moderate,Moderate,Wet,Moderate,Moderate,Wet,Moderate,Moderate,Moderate,Moderate
1934,Moderate,Wet,Moderate,Moderate,Dry,Wet,Moderate,Moderate,Moderate,Very Dry,Moderate,Moderate,Very Wet,Wet,Moderate,Wet,Dry,Very Dry,Moderate,Moderate,Wet,Moderate
1935,Moderate,Very Dry,Moderate,Dry,Moderate,Moderate,Very Dry,Moderate,Moderate,Moderate,Moderate,Very Dry,Moderate,Moderate,Dry,Moderate,Moderate,Moderate,Moderate,Dry,Moderate,Moderate
1936,Moderate,Moderate,Moderate,Moderate,Very Dry,Moderate,Moderate,Moderate,Moderate,Moderate,Dry,Wet,Moderate,Moderate,Dry,Moderate,Moderate,Moderate,Moderate,Moderate,Moderate,Moderate
1937,Very Dry,Moderate,Dry,Moderate,Dry,Dry,Moderate,Very Dry,Dry,Very Dry,Very Dry,Moderate,Dry,Dry,Dry,Dry,Very Dry,Moderate,Dry,Dry,Dry,Very Dry
1938,Moderate,Very Dry,Moderate,Moderate,Very Dry,Moderate,Dry,Dry,Dry,Very Wet,Very Dry,Moderate,Moderate,Moderate,Dry,Moderate,Dry,Dry,Moderate,Dry,Moderate,Moderate
1939,Moderate,Very Dry,Wet,Moderate,Moderate,Wet,Moderate,Moderate,Moderate,Moderate,Very Dry,Moderate,Wet,Wet,Very Dry,Wet,Dry,Moderate,Moderate,Dry,Wet,Moderate
1940,Moderate,Dry,Dry,Wet,Dry,Dry,Moderate,Very Dry,Dry,Moderate,Dry,Wet,Very Dry,Dry,Moderate,Very Dry,Wet,Wet,Dry,Moderate,Very Dry,Moderate
1941,Dry,Very Dry,Moderate,Moderate,Moderate,Moderate,Very Dry,Very Dry,Moderate,Moderate,Very Dry,Very Dry,Dry,Dry,Very Dry,Moderate,Moderate,Dry,Moderate,Very Dry,Dry,Dry
1942,Moderate,Moderate,Moderate,Moderate,Very Wet,Moderate,Wet,Moderate,Moderate,Very Dry,Moderate,Moderate,Moderate,Moderate,Wet,Moderate,Moderate,Moderate,Wet,Moderate,Moderate,Moderate
1943,Dry,Moderate,Dry,Moderate,Moderate,Moderate,Very Dry,Moderate,Dry,Very Dry,Dry,Very Dry,Dry,Moderate,Dry,Dry,Moderate,Very Dry,Dry,Dry,Dry,Dry
1944,Very Dry,Moderate,Very Dry,Dry,Very Dry,Very Dry,Dry,Dry,Very Dry,Very Dry,Dry,Dry,Very Dry,Very Dry,Dry,Very Dry,Very Dry,Very Dry,Very Dry,Very Dry,Very Dry,Very Dry
1945,Very Dry,Moderate,Moderate,Moderate,Moderate,Moderate,Moderate,Dry,Dry,Wet,Dry,Dry,Dry,Dry,Very Dry,Moderate,Very Dry,Very Dry,Moderate,Dry,Dry,Dry
1946,Moderate,Moderate,Dry,Moderate,Moderate,Moderate,Moderate,Very Dry,Dry,Moderate,Very Dry,Wet,Moderate,Moderate,Moderate,Moderate,Dry,Very Dry,Moderate,Moderate,Moderate,Moderate
1947,Moderate,Wet,Moderate,Wet,Wet,Moderate,Moderate,Moderate,Moderate,Moderate,Wet,Wet,Moderate,Moderate,Wet,Wet,Moderate,Dry,Moderate,Moderate,Moderate,Moderate
1948,Moderate,Moderate,Moderate,Moderate,Moderate,Moderate,Moderate,Dry,Moderate,Moderate,Dry,Moderate,Moderate,Moderate,Moderate,Dry,Very Wet,Moderate,Moderate,Moderate,Moderate,Dry
1949,Wet,Moderate,Moderate,Moderate,Very Dry,Moderate,Wet,Very Wet,Moderate,Wet,Very Wet,Moderate,Moderate,Wet,Very Wet,Moderate,Wet,Wet,Moderate,Wet,Moderate,Wet
1950,Wet,Very Wet,Moderate,Very Wet,Very Dry,Moderate,Very Wet,Very Wet,Moderate,Moderate,Very Wet,Very Wet,Moderate,Moderate,Very Wet,Moderate,Very Wet,Very Wet,Moderate,Very Wet,Moderate,Very Wet
1951,Moderate,Moderate,Wet,Dry,Very Wet,Wet,Dry,Very Wet,Moderate,Moderate,Wet,Very Dry,Very Wet,Very Wet,Moderate,Wet,Moderate,Moderate,Moderate,Moderate,Very Wet,Wet
1952,Moderate,Wet,Moderate,Moderate,Moderate,Very Wet,Wet,Very Wet,Wet,Moderate,Wet,Very Wet,Wet,Wet,Moderate,Wet,Moderate,Moderate,Moderate,Wet,Wet,Wet
1953,Moderate,Dry,Moderate,Wet,Moderate,Wet,Dry,Moderate,Moderate,Dry,Moderate,Dry,Moderate,Moderate,Dry,Wet,Moderate,Very Wet,Moderate,Wet,Moderate,Moderate
1954,Moderate,Wet,Moderate,Wet,Moderate,Moderate,Wet,Moderate,Moderate,Moderate,Very Wet,Moderate,Moderate,Moderate,Wet,Moderate,Wet,Wet,Moderate,Very Wet,Moderate,Wet
1955,Wet,Very Wet,Very Wet,Very Wet,Very Wet,Very Wet,Very Wet,Very Wet,Wet,Wet,Very Wet,Wet,Very Wet,Very Wet,Very Wet,Very Wet,Very Wet,Very Wet,Very Wet,Very Wet,Very Wet,Very Wet
1956,Wet,Moderate,Very Wet,Moderate,Very Wet,Very Wet,Moderate,Very Wet,Very Wet,Wet,Very Wet,Moderate,Very Wet,Very Wet,Moderate,Wet,Very Wet,Wet,Very Wet,Wet,Very Wet,Very Wet
1957,Moderate,Moderate,Dry,Moderate,Moderate,Moderate,Moderate,Moderate,Moderate,Moderate,Moderate,Moderate,Moderate,Moderate,Moderate,Dry,Moderate,Moderate,Moderate,Moderate,Moderate,Moderate
1958,Moderate,Wet,Moderate,Very Wet,Wet,Wet,Wet,Wet,Moderate,Moderate,Wet,Very Wet,Wet,Moderate,Moderate,Wet,Moderate,Moderate,Moderate,Wet,Wet,Wet
1959,Dry,Moderate,Moderate,Moderate,Moderate,Moderate,Moderate,Moderate,Moderate,Moderate,Moderate,Moderate,Moderate,Moderate,Moderate,Moderate,Moderate,Moderate,Moderate,Moderate,Moderate,Moderate
1960,Moderate,Dry,Wet,Moderate,Moderate,Wet,Dry,Wet,Wet,Moderate,Moderate,Moderate,Moderate,Wet,Moderate,Moderate,Moderate,Moderate,Wet,Moderate,Wet,Moderate
1961,Moderate,Wet,Moderate,Moderate,Dry,Dry,Moderate,Wet,Moderate,Wet,Moderate,Wet,Moderate,Wet,Moderate,Moderate,Dry,Moderate,Moderate,Moderate,Moderate,Moderate
1962,Very Wet,Moderate,Moderate,Moderate,Moderate,Moderate,Moderate,Moderate,Moderate,Wet,Moderate,Moderate,Moderate,Moderate,Moderate,Moderate,Moderate,Wet,Moderate,Moderate,Moderate,Moderate
1963,Moderate,Moderate,Moderate,Moderate,Wet,Moderate,Wet,Moderate,Moderate,Dry,Moderate,Moderate,Moderate,Moderate,Wet,Moderate,Wet,Moderate,Moderate,Moderate,Moderate,Moderate
1964,Dry,Very Dry,Wet,Very Dry,Wet,Wet,Dry,Moderate,Wet,Moderate,Moderate,Very Dry,Wet,Moderate,Moderate,Wet,Dry,Dry,Very Wet,Dry,Wet,Moderate
1965,Very Dry,Dry,Moderate,Moderate,Dry,Moderate,Very Dry,Moderate,Moderate,Dry,Dry,Dry,Dry,Dry,Very Dry,Dry,Very Dry,Dry,Moderate,Dry,Dry,Dry
1966,Dry,Moderate,Moderate,Moderate,Moderate,Moderate,Moderate,Moderate,Moderate,Dry,Moderate,Moderate,Moderate,Moderate,Moderate,Moderate,Dry,Dry,Moderate,Moderate,Moderate,Moderate
1967,Very Dry,Moderate,Moderate,Moderate,Moderate,Moderate,Moderate,Moderate,Moderate,Dry,Moderate,Moderate,Dry,Dry,Moderate,Moderate,Moderate,Moderate,Very Dry,Moderate,Dry,Dry
1968,Dry,Moderate,Moderate,Very Dry,Wet,Moderate,Dry,Moderate,Wet,Moderate,Moderate,Dry,Moderate,Moderate,Moderate,Moderate,Moderate,Very Dry,Moderate,Dry,Moderate,Moderate
1969,Very Dry,Moderate,Moderate,Dry,Moderate,Moderate,Moderate,Moderate,Moderate,Dry,Moderate,Wet,Moderate,Moderate,Moderate,Moderate,Dry,Very Dry,Moderate,Moderate,Moderate,Moderate
1970,Dry,Very Wet,Moderate,Wet,Moderate,Moderate,Very Wet,Moderate,Moderate,Moderate,Wet,Wet,Wet,Wet,Very Wet,Wet,Moderate,Moderate,Moderate,Very Wet,Wet,Very Wet
1971,Dry,Moderate,Moderate,Moderate,Wet,Moderate,Moderate,Moderate,Moderate,Very Dry,Moderate,Moderate,Moderate,Moderate,Moderate,Moderate,Moderate,Wet,Moderate,Moderate,Moderate,Moderate
1972,Dry,Moderate,Moderate,Moderate,Moderate,Moderate,Moderate,Moderate,Wet,Moderate,Moderate,Moderate,Moderate,Dry,Moderate,Moderate,Moderate,Wet,Wet,Moderate,Moderate,Moderate
1973,Very Wet,Wet,Very Wet,Very Wet,Moderate,Very Wet,Very Wet,Very Wet,Very Wet,Very Wet,Very Wet,Very Wet,Very Wet,Very Wet,Very Wet,Very Wet,Very Wet,Wet,Very Wet,Very Wet,Very Wet,Very Wet
1974,Very Wet,Moderate,Wet,Moderate,Wet,Very Wet,Moderate,Wet,Wet,Very Wet,Moderate,Moderate,Very Wet,Very Wet,Moderate,Very Wet,Wet,Moderate,Very Wet,Moderate,Very Wet,Wet
1975,Very Wet,Very Wet,Wet,Very Wet,Moderate,Very Wet,Very Wet,Wet,Very Wet,Very Wet,Very Wet,Very Wet,Wet,Wet,Very Wet,Very Wet,Very Wet,Very Wet,Wet,Very Wet,Very Wet,Very Wet
1976,Very Wet,Moderate,Moderate,Moderate,Dry,Moderate,Wet,Moderate,Moderate,Wet,Moderate,Moderate,Moderate,Moderate,Very Wet,Dry,Very Wet,Wet,Moderate,Wet,Moderate,Moderate
1977,Moderate,Moderate,Dry,Very Dry,Very Dry,Dry,Moderate,Moderate,Moderate,Moderate,Moderate,Dry,Dry,Moderate,Moderate,Dry,Moderate,Dry,Dry,Moderate,Dry,Dry
1978,Wet,Moderate,Moderate,Moderate,Moderate,Moderate,Moderate,Moderate,Moderate,Wet,Moderate,Moderate,Moderate,Moderate,Moderate,Moderate,Moderate,Moderate,Moderate,Moderate,Moderate,Moderate
1979,Moderate,Dry,Moderate,Dry,Moderate,Moderate,Dry,Dry,Moderate,Wet,Moderate,Very Dry,Dry,Dry,Dry,Moderate,Dry,Very Dry,Moderate,Very Dry,Moderate,Dry
1980,Moderate,Dry,Moderate,Moderate,Moderate,Moderate,Dry,Dry,Moderate,Moderate,Dry,Moderate,Moderate,Moderate,Very Dry,Moderate,Moderate,Moderate,Moderate,Moderate,Moderate,Moderate
1981,Moderate,Moderate,Very Wet,Moderate,Very Wet,Wet,Moderate,Moderate,Wet,Moderate,Moderate,Moderate,Wet,Moderate,Moderate,Very Wet,Dry,Dry,Very Wet,Moderate,Wet,Moderate
1982,Moderate,Wet,Very Dry,Very Wet,Very Dry,Very Dry,Moderate,Very Dry,Dry,Dry,Dry,Very Wet,Very Dry,Very Dry,Moderate,Very Dry,Wet,Wet,Dry,Wet,Very Dry,Moderate
1983,Very Wet,Very Wet,Very Wet,Wet,Moderate,Moderate,Very Wet,Wet,Very Wet,Very Wet,Wet,Very Wet,Moderate,Wet,Very Wet,Moderate,Wet,Moderate,Very Wet,Wet,Wet,Wet
1984,Wet,Wet,Moderate,Moderate,Moderate,Moderate,Moderate,Moderate,Moderate,Moderate,Moderate,Wet,Moderate,Moderate,Moderate,Moderate,Moderate,Moderate,Moderate,Moderate,Moderate,Moderate
1985,Moderate,Moderate,Moderate,Dry,Dry,Moderate,Moderate,Moderate,Moderate,Moderate,Moderate,Moderate,Moderate,Moderate,Moderate,Dry,Moderate,Moderate,Moderate,Moderate,Moderate,Moderate
1986,Moderate,Moderate,Wet,Dry,Wet,Wet,Moderate,Moderate,Wet,Moderate,Moderate,Dry,Wet,Moderate,Moderate,Wet,Moderate,Moderate,Wet,Moderate,Wet,Moderate
1987,Moderate,Very Wet,Moderate,Wet,Moderate,Moderate,Moderate,Moderate,Moderate,Moderate,Moderate,Wet,Moderate,Moderate,Moderate,Moderate,Moderate,Dry,Moderate,Moderate,Moderate,Moderate
1988,Wet,Moderate,Wet,Moderate,Moderate,Wet,Moderate,Wet,Wet,Very Wet,Wet,Moderate,Moderate,Very Wet,Wet,Wet,Moderate,Moderate,Wet,Moderate,Wet,Wet
1989,Wet,Moderate,Wet,Very Wet,Moderate,Wet,Moderate,Wet,Moderate,Moderate,Very Wet,Wet,Moderate,Wet,Wet,Moderate,Very Wet,Very Wet,Moderate,Very Wet,Moderate,Very Wet
1990,Moderate,Moderate,Moderate,Moderate,Moderate,Wet,Wet,Very Wet,Moderate,Moderate,Wet,Moderate,Wet,Wet,Wet,Wet,Wet,Moderate,Moderate,Moderate,Wet,Wet
1991,Wet,Moderate,Moderate,Moderate,Moderate,Moderate,Moderate,Wet,Moderate,Moderate,Wet,Dry,Moderate,Wet,Wet,Moderate,Moderate,Moderate,Wet,Moderate,Moderate,Moderate
1992,Very Wet,Dry,Very Wet,Dry,Very Wet,Very Wet,Moderate,Wet,Very Wet,Very Wet,Moderate,Dry,Very Wet,Wet,Moderate,Very Wet,Wet,Moderate,Very Wet,Moderate,Very Wet,Wet
1993,Wet,Moderate,Very Wet,Moderate,Moderate,Very Wet,Moderate,Wet,Very Wet,Very Wet,Moderate,Moderate,Wet,Wet,Moderate,Very Wet,Moderate,Moderate,Wet,Moderate,Very Wet,Moderate
1994,Wet,Dry,Moderate,Moderate,Dry,Moderate,Moderate,Moderate,Moderate,Moderate,Moderate,Moderate,Moderate,Moderate,Moderate,Moderate,Wet,Moderate,Moderate,Moderate,Moderate,Moderate
1995,Moderate,Very Wet,Wet,Wet,Moderate,Moderate,Wet,Moderate,Wet,Moderate,Moderate,Wet,Wet,Moderate,Moderate,Moderate,Moderate,Moderate,Wet,Wet,Moderate,Moderate
1996,Moderate,Wet,Wet,Moderate,Wet,Wet,Wet,Moderate,Wet,Moderate,Moderate,Moderate,Wet,Moderate,Wet,Wet,Moderate,Very Wet,Wet,Wet,Moderate,Wet
1997,Moderate,Moderate,Dry,Moderate,Moderate,Very Dry,Moderate,Moderate,Moderate,Moderate,Moderate,Moderate,Very Dry,Dry,Moderate,Very Dry,Moderate,Moderate,Moderate,Moderate,Very Dry,Dry
1998,Moderate,Very Wet,Dry,Wet,Moderate,Moderate,Very Wet,Wet,Moderate,Dry,Very Wet,Wet,Moderate,Moderate,Very Wet,Moderate,Moderate,Moderate,Moderate,Very Wet,Moderate,Wet
1999,Very Wet,Moderate,Moderate,Moderate,Moderate,Dry,Moderate,Moderate,Moderate,Very Wet,Wet,Moderate,Moderate,Moderate,Moderate,Moderate,Wet,Moderate,Dry,Moderate,Moderate,Moderate
2000,Very Wet,Wet,Moderate,Moderate,Moderate,Moderate,Very Wet,Moderate,Moderate,Moderate,Wet,Moderate,Wet,Moderate,Wet,Moderate,Wet,Moderate,Dry,Wet,Moderate,Moderate
2001,Moderate,Moderate,Dry,Moderate,Moderate,Dry,Moderate,Moderate,Dry,Dry,Moderate,Moderate,Moderate,Moderate,Moderate,Dry,Moderate,Moderate,Dry,Moderate,Moderate,Moderate
2002,Dry,Very Dry,Very Dry,Dry,Very Dry,Very Dry,Moderate,Dry,Very Dry,Dry,Moderate,Moderate,Very Dry,Very Dry,Dry,Very Dry,Very Dry,Moderate,Dry,Dry,Very Dry,Very Dry
2003,Moderate,Wet,Dry,Moderate,Moderate,Moderate,Wet,Very Dry,Very Dry,Moderate,Moderate,Moderate,Dry,Dry,Moderate,Moderate,Moderate,Moderate,Very Dry,Moderate,Dry,Moderate
2004,Moderate,Moderate,Moderate,Dry,Moderate,Moderate,Wet,Very Dry,Dry,Dry,Dry,Moderate,Dry,Dry,Wet,Moderate,Dry,Moderate,Very Dry,Moderate,Dry,Dry
2005,Moderate,Moderate,Very Dry,Very Dry,Wet,Moderate,Moderate,Dry,Very Dry,Moderate,Moderate,Dry,Moderate,Dry,Moderate,Moderate,Very Dry,Dry,Very Dry,Moderate,Moderate,Dry
2006,Moderate,Very Dry,Very Dry,Very Dry,Dry,Very Dry,Dry,Very Dry,Very Dry,Moderate,Very Dry,Dry,Very Dry,Very Dry,Dry,Very Dry,Dry,Dry,Very Dry,Very Dry,Very Dry,Very Dry
2007,Wet,Moderate,Very Dry,Wet,Dry,Very Dry,Moderate,Very Dry,Very Dry,Moderate,Moderate,Moderate,Very Dry,Very Dry,Moderate,Very Dry,Moderate,Very Wet,Very Dry,Moderate,Very Dry,Dry
2008,Wet,Moderate,Very Dry,Moderate,Dry,Very Dry,Moderate,Very Dry,Very Dry,Dry,Moderate,Moderate,Very Dry,Very Dry,Moderate,Very Dry,Moderate,Moderate,Very Dry,Moderate,Very Dry,Very Dry
2009,Wet,Dry,Very Dry,Very Wet,Moderate,Dry,Very Dry,Very Dry,Very Dry,Moderate,Moderate,Very Wet,Dry,Dry,Moderate,Dry,Very Wet,Very Wet,Dry,Wet,Dry,Moderate
2010,Very Wet,Very Wet,Very Wet,Very Wet,Wet,Very Wet,Wet,Wet,Very Wet,Very Wet,Very Wet,Very Wet,Very Wet,Very Wet,Very Wet,Very Wet,Very Wet,Very Wet,Very Wet,Very Wet,Very Wet,Very Wet
2011,Very Wet,Wet,Moderate,Very Wet,Moderate,Moderate,Very Wet,Very Wet,Moderate,Very Wet,Wet,Very Wet,Wet,Very Wet,Wet,Moderate,Very Wet,Very Wet,Moderate,Very Wet,Wet,Very Wet
2012,Moderate,Wet,Moderate,Wet,Moderate,Dry,Moderate,Moderate,Moderate,Wet,Moderate,Moderate,Moderate,Moderate,Moderate,Dry,Wet,Moderate,Dry,Moderate,Moderate,Moderate
2013,Moderate,Moderate,Moderate,Moderate,Wet,Dry,Moderate,Dry,Moderate,Moderate,Dry,Moderate,Moderate,Moderate,Dry,Moderate,Moderate,Dry,Dry,Moderate,Moderate,Moderate
2014,Moderate,Moderate,Very Dry,Moderate,Dry,Very Dry,Dry,Dry,Very Dry,Wet,Very Dry,Moderate,Dry,Dry,Very Dry,Dry,Moderate,Dry,Very Dry,Dry,Dry,Very Dry
2015,Moderate,Dry,Very Dry,Moderate,Dry,Very Dry,Moderate,Moderate,Very Dry,Moderate,Moderate,Dry,Moderate,Moderate,Moderate,Dry,Moderate,Moderate,Very Dry,Moderate,Dry,Dry
2016,Moderate,Moderate,Very Wet,Moderate,Very Wet,Moderate,Moderate,Very Wet,Very Wet,Wet,Wet,Moderate,Very Wet,Wet,Moderate,Wet,Moderate,Moderate,Wet,Moderate,Wet,Wet
2017,Moderate,Dry,Moderate,Very Dry,Moderate,Moderate,Dry,Moderate,Dry,Moderate,Very Dry,Dry,Moderate,Moderate,Very Dry,Moderate,Very Dry,Very Dry,Dry,Very Dry,Moderate,Dry
2018,Moderate,Very Dry,Dry,Dry,Very Dry,Very Dry,Very Dry,Dry,Dry,Moderate,Very Dry,Very Dry,Very Dry,Very Dry,Very Dry,Dry,Very Dry,Moderate,Dry,Very Dry,Very Dry,Very Dry
2019,,,,,,,,,,,,,,,,,,,,,,
2020,,,,,,,,,,,,,,,,,,,,,,
2021,,,,,,,,,,,,,,,,,,,,,,
2022,,,,,,,,,,,,,,,,,,,,,,
2023,,,,,,,,,,,,,,,,,,,,,,
2024,,,,,,,,,,,,,,,,,,,,,,
2025,,,,,,,,,,,,,,,,,,,,,,
2026,,,,,,,,,,,,,,,,,,,,,,
2027,,,,,,,,,,,,,,,,,,,,,,
2028,,,,,,,,,,,,,,,,,,,,,,
2029,,,,,,,,,,,,,,,,,,,,,,
2030,,,,,,,,,,,,,,,,,,,,,,
2031,,,,,,,,,,,,,,,,,,,,,,
2032,,,,,,,,,,,,,,,,,,,,,,
2033,,,,,,,,,,,,,,,,,,,,,,
2034,,,,,,,,,,,,,,,,,,,,,,
2035,,,,,,,,,,,,,,,,,,,,,,
2036,,,,,,,,,,,,,,,,,,,,,,
2037,,,,,,,,,,,,,,,,,,,,,,
2038,,,,,,,,,,,,,,,,,,,,,,
2039,,,,,,,,,,,,,,,,,,,,,,
2040,,,,,,,,,,,,,,,,,,,,,,
2041,,,,,,,,,,,,,,,,,,,,,,
2042,,,,,,,,,,,,,,,,,,,,,,
2043,,,,,,,,,,,,,,,,,,,,,,
2044,,,,,,,,,,,,,,,,,,,,,,
2045,,,,,,,,,,,,,,,,,,,,,,
2046,,,,,,,,,,,,,,,,,,,,,,
2047,,,,,,,,,,,,,,,,,,,,,,
2048,,,,,,,,,,,,,,,,,,,,,,
2049,,,,,,,,,,,,,,,,,,,,,,
2050,,,,,,,,,,,,,,,,,,,,,,
2051,,,,,,,,,,,,,,,,,,,,,,
2052,,,,,,,,,,,,,,,,,,,,,,
2053,,,,,,,,,,,,,,,,,,,,,,
2054,,,,,,,,,,,,,,,,,,,,,,
2055,,,,,,,,,,,,,,,,,,,,,,
2056,,,,,,,,,,,,,,,,,,,,,,
2057,,,,,,,,,,,,,,,,,,,,,,
2058,,,,,,,,,,,,,,,,,,,,,,
2059,,,,,,,,,,,,,,,,,,,,,,
2060,,,,,,,,,,,,,,,,,,,,,,
2061,,,,,,,,,,,,,,,,,,,,,,
2062,,,,,,,,,,,,,,,,,,,,,,
2063,,,,,,,,,,,,,,,,,,,,,,
2064,,,,,,,,,,,,,,,,,,,,,,
2065,,,,,,,,,,,,,,,,,,,,,,
2066,,,,,,,,,,,,,,,,,,,,,,
2067,,,,,,,,,,,,,,,,,,,,,,
2068,,,,,,,,,,,,,,,,,,,,,,
2069,,,,,,,,,,,,,,,,,,,,,,
2070,,,,,,,,,,,,,,,,,,,,,,
2071,,,,,,,,,,,,,,,,,,,,,,
2072,,,,,,,,,,,,,,,,,,,,,,
2073,,,,,,,,,,,,,,,,,,,,,,
2074,,,,,,,,,,,,,,,,,,,,,,
2075,,,,,,,,,,,,,,,,,,,,,,
2076,,,,,,,,,,,,,,,,,,,,,,
2077,,,,,,,,,,,,,,,,,,,,,,
2078,,,,,,,,,,,,,,,,,,,,,,
2079,,,,,,,,,,,,,,,,,,,,,,
2080,,,,,,,,,,,,,,,,,,,,,,
2081,,,,,,,,,,,,,,,,,,,,,,
2082,,,,,,,,,,,,,,,,,,,,,,
2083,,,,,,,,,,,,,,,,,,,,,,
2084,,,,,,,,,,,,,,,,,,,,,,
2085,,,,,,,,,,,,,,,,,,,,,,
2086,,,,,,,,,,,,,,,,,,,,,,
2087,,,,,,,,,,,,,,,,,,,,,,
2088,,,,,,,,,,,,,,,,,,,,,,
2089,,,,,,,,,,,,,,,,,,,,,,
2090,,,,,,,,,,,,,,,,,,,,,,
2091,,,,,,,,,,,,,,,,,,,,,,
2092,,,,,,,,,,,,,,,,,,,,,,
2093,,,,,,,,,,,,,,,,,,,,,,
2094,,,,,,,,,,,,,,,,,,,,,,
2095,,,,,,,,,,,,,,,,,,,,,,
2096,,,,,,,,,,,,,,,,,,,,,,
2097,,,,,,,,,,,,,,,,,,,,,,
2098,,,,,,,,,,,,,,,,,,,,,,
2099,,,,,,,,,,,,,,,,,,,,,,
2100,,,,,,,,,,,,,,,,,,,,,,
