env_obj,Target,Target_Category,Objective,target_5_year_2024,target_10_year_2029,target_20_year_2039
NF1,Native fish,,No loss of native fish species,All known species detected annually,All known species detected annually,All known species detected annually
NF1,Native fish,,No loss of native fish species,,,Fish community status improved by one category compared to 2014 assessment
NF2,Native fish,,Increase the distribution & abundance of short to moderate-lived generalist native fish species,Increased distribution & abundance of short to moderate-lived species compared to 2014 assessment,Increased distribution & abundance of short to moderate-lived species compared to 2014 assessment,Increased distribution & abundance of short to moderate-lived species compared to 2014 assessment
NF2,Native fish,,Increase the distribution & abundance of short to moderate-lived generalist native fish species,No more than one year without detection of immature fish (short-lived),No more than one year without detection of immature fish (short-lived),No more than one year without detection of immature fish (short-lived)
NF2,Native fish,,Increase the distribution & abundance of short to moderate-lived generalist native fish species,No more than two years without detection of immature fish (moderate-lived species),No more than two years without detection of immature fish (moderate-lived species),No more than two years without detection of immature fish (moderate-lived species)
NF3,Native fish,,Increase the distribution & abundance of short to moderate-lived floodplain specialist native fish species,Increased distribution & abundance of short to moderate-lived species compared to 2014 assessment,Increased distribution & abundance of short to moderate-lived species compared to 2014 assessment,Increased distribution & abundance of short to moderate-lived species compared to 2014 assessment
NF3,Native fish,,Increase the distribution & abundance of short to moderate-lived floodplain specialist native fish species,No more than one year without detection of immature fish (short-lived),No more than one year without detection of immature fish (short-lived),No more than one year without detection of immature fish (short-lived)
NF3,Native fish,,Increase the distribution & abundance of short to moderate-lived floodplain specialist native fish species,No more than two years without detection of immature fish (moderate-lived species),No more than two years without detection of immature fish (moderate-lived species),No more than two years without detection of immature fish (moderate-lived species)
NF4,Native fish,,Improve native fish population structure for moderate to long-lived flow pulse specialist native fish species,Juvenile & adult fish detected annually,Juvenile & adult fish detected annually,Juvenile & adult fish detected annually
NF4,Native fish,,Improve native fish population structure for moderate to long-lived flow pulse specialist native fish species,No more than two consecutive years without recruitment in moderate-lived species,No more than two consecutive years without recruitment in moderate-lived species,No more than two consecutive years without recruitment in moderate-lived species
NF4,Native fish,,Improve native fish population structure for moderate to long-lived flow pulse specialist native fish species,No more than four consecutive years without recruitment in long-lived species,No more than four consecutive years without recruitment in long-lived species,No more than four consecutive years without recruitment in long-lived species
NF5,Native fish,,Improve native fish population structure for moderate to long-lived riverine specialist native fish species,Minimum of 1 significant recruitment event in 5 years,Minimum of 2 significant recruitment events in 10 years,Minimum of 4 significant recruitment events in 20 years
NF6,Native fish,,A 25% increase in abundance of mature (harvestable sized) golden perch & Murray cod,Length-frequency distributions include size classes of legal take size for golden perch & Murray cod,Length-frequency distributions include size classes of legal take size for golden perch & Murray cod,Length-frequency distributions include size classes of legal take size for golden perch & Murray cod
NF6,Native fish,,A 25% increase in abundance of mature (harvestable sized) golden perch & Murray cod,25% increase in abundance of mature golden perch & Murray cod,25% increase in abundance of mature golden perch & Murray cod,25% increase in abundance of mature golden perch & Murray cod
NF7,Native fish,,Increase the prevalence and/or expand the population of key short to moderate-lived floodplain specialist native fish species into new areas (within historical range),Adults detected annually in specified PUs,Adults detected annually in specified PUs,Adults detected annually in specified PUs
NF7,Native fish,,Increase the prevalence and/or expand the population of key short to moderate-lived floodplain specialist native fish species into new areas (within historical range),No more than 1 year without detection of immature fish in specified PUs (short-lived),No more than 1 year without detection of immature fish in specified PUs (short-lived),No more than 1 year without detection of immature fish in specified PUs (short-lived)
NF7,Native fish,,Increase the prevalence and/or expand the population of key short to moderate-lived floodplain specialist native fish species into new areas (within historical range),No more than 2 years without detection of immature fish in specified PUs (moderate-lived species),No more than 2 years without detection of immature fish in specified PUs (moderate-lived species),No more than 2 years without detection of immature fish in specified PUs (moderate-lived species)
NF7,Native fish,,Increase the prevalence and/or expand the population of key short to moderate-lived floodplain specialist native fish species into new areas (within historical range),,Increased distribution and abundance in specified PUs,Increased distribution and abundance in specified PUs
NF8,Native fish,,Increase the prevalence and/or expand the population of key moderate to long-lived riverine specialist native fish species into new areas (within historical range),Adults detected annually in specified PUs,Adults detected annually in specified PUs,Adults detected annually in specified PUs
NF8,Native fish,,Increase the prevalence and/or expand the population of key moderate to long-lived riverine specialist native fish species into new areas (within historical range),No more than 2 years without detection of immature fish in specified PUs (moderate-lived species),No more than 2 years without detection of immature fish in specified PUs (moderate-lived species),No more than 2 years without detection of immature fish in specified PUs (moderate-lived species)
NF8,Native fish,,Increase the prevalence and/or expand the population of key moderate to long-lived riverine specialist native fish species into new areas (within historical range),No more than 4 years without detection of immature fish in specified PUs (long-lived species),No more than 4 years without detection of immature fish in specified PUs (long-lived species),No more than 4 years without detection of immature fish in specified PUs (long-lived species)
NF9,Native fish,,Increase the prevalence and/or expand the population of key moderate to long-lived flow pulse specialists native fish species into new areas (within historical range),Adults detected annually in specified PUs,Increased distribution & abundance in specified PUs,Increased distribution & abundance in specified PUs
NF10,Native fish,,Increase the prevalence and/or expand the population of key moderate to long-lived diadromous native fish species into new areas,Adults detected annually in specified PUs,Adults detected annually in specified PUs,Adults detected annually in specified PUs
NV1,Native vegetation,,Maintain the extent & viability of non-woody vegetation communities occurring within or closely fringing river channels,No loss of existing non-woody vegetation occurring within channels or closely fringing river channels3,Increase extent & viability of water-dependent non-woody vegetation in at least 50% representative sites4 (10-years) & in at least 75% representative sites4 (20-years) within channels or closely fringing river channels,Increase extent & viability of water-dependent non-woody vegetation in at least 50% representative sites4 (10-years) & in at least 75% representative sites4 (20-years) within channels or closely fringing river channels
NV2a,Native vegetation,,Maintain or increase the extent & maintain the viability of non-woody vegetation communities occurring in wetlands & on floodplains,"Over a 5-year rolling period, maintain the extent of non-woody, inundation dependent vegetation occurring in wetlands & floodplains","Over a 5-year rolling period, maintain the extent of non-woody, inundation dependent vegetation occurring in wetlands & floodplains","Over a 5-year rolling period, maintain the extent of non-woody, inundation dependent vegetation occurring in wetlands & floodplains"
NV2a,Native vegetation,,Maintain or increase the extent & maintain the viability of non-woody vegetation communities occurring in wetlands & on floodplains,"No loss of key species, populations or communities occurring in wetlands or on floodplains5. Evaluated at selected sites only","Increase6 viability of key species, populations or communities in at least 40% representative sites (within 10-year period actively managed floodplain, current constraints) & in at least 60% representative sites (within 20-year period, actively managed floodplain, constraints relaxed) following inundation events","Increase6 viability of key species, populations or communities in at least 40% representative sites (within 10-year period actively managed floodplain, current constraints) & in at least 60% representative sites (within 20-year period, actively managed floodplain, constraints relaxed) following inundation events"
NV2b,Native vegetation,,Maintain or increase the extent & maintain the viability of non-woody vegetation communities occurring in wetlands & on floodplains,"No loss of key species, populations or communities occurring in wetlands or on floodplains5. Evaluated at selected sites only.","Increase6 viability of key species, populations or communities in at least 40% representative sites (within 10-year period on the actively managed floodplain, current constraints) & in at least 60% of representative sites (within the 20-year period on the actively managed floodplain, constraints relaxed) following inundation events","Increase6 viability of key species, populations or communities in at least 40% representative sites (within 10-year period on the actively managed floodplain, current constraints) & in at least 60% of representative sites (within the 20-year period on the actively managed floodplain, constraints relaxed) following inundation events"
NV3,Native vegetation,,Maintain the extent & improve the condition of river red gum communities closely fringing river channels,Maintain the 2016 mapped extent7 of river red gum communities closely fringing river channels,Maintain the 2016 mapped extent7 of river red gum communities closely fringing river channels,Maintain the 2016 mapped extent7 of river red gum communities closely fringing river channels
NV3,Native vegetation,,Maintain the extent & improve the condition of river red gum communities closely fringing river channels,"Over a 5-year rolling period, maintain the proportion of river red gum communities closely fringing river channels (within 50 m) that are in moderate or good condition8","Over a 5-year rolling period, increase9 the proportion of river red gum communities closely fringing river channels (within 50 m) that are in moderate or good condition8 by at least 35% (within the 10-year period) & at least 65% (within the 20-year period)","Over a 5-year rolling period, increase9 the proportion of river red gum communities closely fringing river channels (within 50 m) that are in moderate or good condition8 by at least 35% (within the 10-year period) & at least 65% (within the 20-year period)"
NV3,Native vegetation,,Maintain the extent & improve the condition of river red gum communities closely fringing river channels,"Over a 5-year rolling period, no further decline in the condition of river red gum communities closely fringing river channels (within 50 m) that are in poor or degraded condition8","Over a 5-year rolling period, improve9 the condition score of at least 20% (within the 10-year period) & at least ?40% (within the 20-year period) of river red gum communities closely fringing river channels (within 50 m) that are in poor, degraded or severely degraded condition8 by at least one condition score","Over a 5-year rolling period, improve9 the condition score of at least 20% (within the 10-year period) & at least ?40% (within the 20-year period) of river red gum communities closely fringing river channels (within 50 m) that are in poor, degraded or severely degraded condition8 by at least one condition score"
NV4a,Native vegetation,,Maintain or increase the extent & maintain or improve the condition of native woodland & shrubland communities on floodplains,Maintain the 2016 mapped extent7 of river red gum forest and woodland communities10,Maintain the 2016 mapped extent7 of river red gum forest and woodland communities10,Maintain the 2016 mapped extent7 of river red gum forest and woodland communities10
NV4a,Native vegetation,,Maintain or increase the extent & maintain or improve the condition of native woodland & shrubland communities on floodplains,"Over a 5-year rolling period, maintain the proportion of river red gum forests & woodlands in moderate or good condition8,10","Over a 5-year rolling period, maintain the proportion of river red gum forests & woodlands in moderate or good condition8,10","Over a 5-year rolling period, maintain the proportion of river red gum forests & woodlands in moderate or good condition8,10"
NV4b,Native vegetation,,Maintain or increase the extent & maintain or improve the condition of native woodland & shrubland communities on floodplains,"Over a 5-year rolling period, no further decline in the condition of river red gum forests & woodlands in poor or degraded condition8,10","Over a 5-year rolling period, increase9 the proportion of river red gum forests & woodlands in moderate or good condition by at least 25% (within 10-year period, on the actively managed floodplain - current constraints) & at least 50% (within 20-year period, on the actively managed floodplain - constraints relaxed)","Over a 5-year rolling period, increase9 the proportion of river red gum forests & woodlands in moderate or good condition by at least 25% (within 10-year period, on the actively managed floodplain - current constraints) & at least 50% (within 20-year period, on the actively managed floodplain - constraints relaxed)"
NV4b,Native vegetation,,Maintain or increase the extent & maintain or improve the condition of native woodland & shrubland communities on floodplains,"Over a 5-year rolling period, increase the abundance of river red gum seedlings & saplings11 in degraded river red gum forests & woodlands on the activity-managed floodplain, including the Lower Murray & Lower Darling floodplains12","Over a 5-year rolling average, improve9 the condition score of at least 15% (within 10-year period, on the actively managed floodplain, current constraints) & at least 30% (within 20-year period, on the actively managed floodplain, constraints relaxed) of river red gum forests & woodlands in poor, degraded or severely degraded condition by at least one condition score","Over a 5-year rolling average, improve9 the condition score of at least 15% (within 10-year period, on the actively managed floodplain, current constraints) & at least 30% (within 20-year period, on the actively managed floodplain, constraints relaxed) of river red gum forests & woodlands in poor, degraded or severely degraded condition by at least one condition score"
NV4b,Native vegetation,,Maintain or increase the extent & maintain or improve the condition of native woodland & shrubland communities on floodplains,,Support successful recruitment11 of river red gum trees in the long-term by increasing the abundance of young adult trees (10-30 cm DBH) compared to the previous target periods,Support successful recruitment11 of river red gum trees in the long-term by increasing the abundance of young adult trees (10-30 cm DBH) compared to the previous target periods
NV4c,Native vegetation,,Maintain or increase the extent & maintain or improve the condition of native woodland & shrubland communities on floodplains,Maintain the 2016 mapped extent7 of black box woodland communities10,Maintain the 2016 mapped extent7 of black box woodland communities10,Maintain the 2016 mapped extent7 of black box woodland communities10
NV4c,Native vegetation,,Maintain or increase the extent & maintain or improve the condition of native woodland & shrubland communities on floodplains,"Over a 5-year rolling period, maintain the proportion of black box woodlands in moderate or good condition8,10","Over a 5-year rolling period, increase9 the proportion of black box woodlands in moderate or good condition by at least 20% (within 10-year period on the actively managed floodplain - current constraints) & at least 40% (within 20-year period on the actively managed floodplain - constraints relaxed)","Over a 5-year rolling period, increase9 the proportion of black box woodlands in moderate or good condition by at least 20% (within 10-year period on the actively managed floodplain - current constraints) & at least 40% (within 20-year period on the actively managed floodplain - constraints relaxed)"
NV4c,Native vegetation,,Maintain or increase the extent & maintain or improve the condition of native woodland & shrubland communities on floodplains,"Over a 5-year rolling period, no further decline in the condition of black box woodlands in poor or degraded condition8,10","Over a 5-year rolling period, improve9 the condition score of at least 10% (within 10-year period, on the actively managed floodplain - current constraints) & at least 20% (within 20-year period, on the actively managed floodplain - constraints relaxed) of black box woodlands in poor, degraded or severely degraded condition by at least one condition score","Over a 5-year rolling period, improve9 the condition score of at least 10% (within 10-year period, on the actively managed floodplain - current constraints) & at least 20% (within 20-year period, on the actively managed floodplain - constraints relaxed) of black box woodlands in poor, degraded or severely degraded condition by at least one condition score"
NV4c,Native vegetation,,Maintain or increase the extent & maintain or improve the condition of native woodland & shrubland communities on floodplains,"Over a 5-year rolling period, increase the abundance9 of black box seedlings & saplings in degraded black box woodlands on the managed floodplain, including the Lower Murray & Lower Darling floodplains10",Support successful recruitment11 of trees in the long term by increasing the abundance of young adult black box trees (10-30cm DBH) compared to the previous target periods,Support successful recruitment11 of trees in the long term by increasing the abundance of young adult black box trees (10-30cm DBH) compared to the previous target periods
NV4d,Native vegetation,,Maintain or increase the extent & maintain or improve the condition of native woodland & shrubland communities on floodplains,Maintain the 2016 mapped extent7 of coolibah communities on the Lower Darling and Talyawalka Creek floodplains,Maintain the 2016 mapped extent7 of coolibah communities on the Lower Darling and Talyawalka Creek floodplains,Maintain the 2016 mapped extent7 of coolibah communities on the Lower Darling and Talyawalka Creek floodplains
NV4e,Native vegetation,,Maintain or increase the extent & maintain or improve the condition of native woodland & shrubland communities on floodplains,"Maintain the total area of lignum shrubland communities13,14",Increase the extent of lignum shrubland communities within priority areas15 and maintain in remaining areas.,Increase the extent of lignum shrubland communities within priority areas15 and maintain in remaining areas.
NV4e,Native vegetation,,Maintain or increase the extent & maintain or improve the condition of native woodland & shrubland communities on floodplains,"Over a 5-year rolling period, maintain or increase the proportion of lignum communities in intermediate to good condition16","Over a 5-year rolling period, increase the proportion of lignum shrubland communities in good condition by at least 20% (within 10-year period, on the actively-managed floodplain - current constraints) & at least 40% (within 20-year period, on the actively managed floodplain, constraints relaxed).","Over a 5-year rolling period, increase the proportion of lignum shrubland communities in good condition by at least 20% (within 10-year period, on the actively-managed floodplain - current constraints) & at least 40% (within 20-year period, on the actively managed floodplain, constraints relaxed)."
NV4e,Native vegetation,,Maintain or increase the extent & maintain or improve the condition of native woodland & shrubland communities on floodplains,"Over a 5-year rolling period, no further decline in the condition of lignum shrublands in poor condition",,
NV4e,Native vegetation,,Maintain or increase the extent & maintain or improve the condition of native woodland & shrubland communities on floodplains,Over a 5-year rolling period increase the abundance of lignum recruits in degraded lignum shrublands17. Evaluated at selected sites.,"Promote recruitment processes in lignum at least 2 years in 10 (on the actively-managed floodplain, current constraints) & at least 4 years in 20 (on the actively managed floodplain, constraints relaxed)17. Evaluated at selected sites.","Promote recruitment processes in lignum at least 2 years in 10 (on the actively-managed floodplain, current constraints) & at least 4 years in 20 (on the actively managed floodplain, constraints relaxed)17. Evaluated at selected sites."
WB1,Waterbird,,Maintain the number & type of waterbird species,Maintain a 5-year rolling average of 23 or more waterbird species across the 5 functional groups in the Mid Murray,Maintain a 5-year rolling average of 23 or more waterbird species across the 5 functional groups in the Mid Murray,Maintain a 5-year rolling average of 23 or more waterbird species across the 5 functional groups in the Mid Murray
WB1,Waterbird,Mid Muray,Maintain the number & type of waterbird species,,Identify at least 67 waterbird species in the Mid Murray in a 10-year period,Identify at least 74 waterbird species in the Mid Murray in a 20-year period
WB1,Waterbird,,Maintain the number & type of waterbird species,Maintain a 5-year rolling average of 18 or more waterbird species across the 5 functional groups in the Lower Murray,Maintain a 5-year rolling average of 18 or more waterbird species across the 5 functional groups in the Lower Murray,Maintain a 5-year rolling average of 18 or more waterbird species across the 5 functional groups in the Lower Murray
WB1,Waterbird,Lower Murray,Maintain the number & type of waterbird species,,Identify at least 53 waterbird species in the Lower Murray in a 10-year period,Identify at least 61 waterbird species in the Lower Murray in a 20-year period
WB1,Waterbird,,Maintain the number & type of waterbird species,Maintain a 5-year rolling average of 25 or more waterbird species across the 5 functional groups in the Lower Darling,Maintain a 5-year rolling average of 25 or more waterbird species across the 5 functional groups in the Lower Darling,Maintain a 5-year rolling average of 25 or more waterbird species across the 5 functional groups in the Lower Darling
WB1,Waterbird,Lower Darling,Maintain the number & type of waterbird species,,Identify at least 53 waterbird species in the Lower Darling in a 10-year period,Identify at least 68 waterbird species in the Lower Darling in a 20-year period
WB2,Waterbird,,Increase total waterbird abundance across all functional groups,"Total waterbird abundance of the 5 functional groups maintained in the Mid Murray, Lower Murray and Lower Darling compared to 5-year 2012-16 period","Total waterbird abundance increased by 20-25% in the Mid Murray, Lower Murray and Lower Darling compared to the 5-year 2012-16 period, with increases in all functional groups","Maintain or increase total waterbird abundance in the Mid Murray, Lower Murray and Lower Darling compared to the 10-year target, with increases in all functional groups"
WB3,Waterbird,,Increase opportunities for non-colonial waterbird breeding,Total abundance of non-colonial waterbirds in the Mid Murray maintained & breeding recorded in at least 1 non-colonial waterbird species compared to the 5-year 2012-16 baseline period,Total abundance of non-colonial waterbirds in the Mid Murray maintained & breeding recorded in at least 1 non-colonial waterbird species compared to the 5-year 2012-16 baseline period,"Maintain or increase total abundance of non-colonial waterbirds in the Mid Murray compared to the 10-year target, with breeding detected in at least 1 non-colonial waterbird species"
WB4,Waterbird,,Increase opportunities for colonial waterbird breeding*,"Support active waterbird colonies in the Mid Murray, Lower Murray & Lower Darling by maintaining the water depth & duration of flooding (as required) to support breeding through to completion (from egg laying through to fledging including post-fledgling care) & maintain duration of flooding in key foraging habitats to enhance breeding success & the survival of young","Support active waterbird colonies in the Mid Murray, Lower Murray & Lower Darling by maintaining the water depth & duration of flooding (as required) to support breeding through to completion (from egg laying through to fledging including post-fledgling care) & maintain duration of flooding in key foraging habitats to enhance breeding success & the survival of young","Support active waterbird colonies in the Mid Murray, Lower Murray & Lower Darling by maintaining the water depth & duration of flooding (as required) to support breeding through to completion (from egg laying through to fledging including post-fledgling care) & maintain duration of flooding in key foraging habitats to enhance breeding success & the survival of young"
WB4,Waterbird,,Increase opportunities for colonial waterbird breeding*,In line with natural cues initiate & support small-scale colonial waterbird breeding in the Mid Murray in at least 2 colony sites in 2/5 years,In line with natural cues initiate & support small-scale colonial waterbird breeding in the Mid Murray in at least 3 colony sites in 3/10 years,In line with natural cues initiate & support small-scale colonial waterbird breeding in the Mid Murray in at least 5 colony sites in the Mid Murray in 3/10 years
WB4,Waterbird,,Increase opportunities for colonial waterbird breeding*,,In line with natural cues initiate & support small-scale colonial waterbird breeding in the Lower Murray in at least 2 colony sites in 3/10 years,In line with natural cues initiate & support small-scale colonial waterbird breeding in the Mid Murray in at least 3 colony sites in the Lower Murray in 3/10 years
WB5,Waterbird,,Maintain the extent & improve condition of waterbird habitats,"Maintain extent & improve condition of nesting vegetation, including common reed, lignum, cumbungi, river red gum, giant rush, black box, in known colonial breeding locations in the Mid Murray","Maintain extent & improve condition of nesting vegetation, including common reed, lignum, cumbungi, river red gum, giant rush, black box, in known colonial breeding locations in the Mid Murray","Maintain extent & improve condition of nesting vegetation, including common reed, lignum, cumbungi, river red gum, giant rush, black box, in known colonial breeding locations in the Mid Murray"
WB5,Waterbird,,Maintain the extent & improve condition of waterbird habitats,"Maintain extent & improve condition of nesting vegetation, including lignum, river cooba, black-box, river red gum, in known colonial breeding locations in the Lower Murray & Lower Darling","Maintain extent & improve condition of nesting vegetation, including lignum, river cooba, black-box, river red gum, in known colonial breeding locations in the Lower Murray & Lower Darling","Maintain extent & improve condition of nesting vegetation, including lignum, river cooba, black-box, river red gum, in known colonial breeding locations in the Lower Murray & Lower Darling"
WB5,Waterbird,,Maintain the extent & improve condition of waterbird habitats,"Maintain or increase extent & improve condition of waterbird foraging & breeding locations in the Mid Murray, Lower Murray & Lower Darling (to be evaluated under targets set for native vegetation)","Maintain or increase extent & improve condition of waterbird foraging & breeding locations in the Mid Murray, Lower Murray & Lower Darling (to be evaluated under targets set for native vegetation)","Maintain or increase extent & improve condition of waterbird foraging & breeding locations in the Mid Murray, Lower Murray & Lower Darling (to be evaluated under targets set for native vegetation)"
EF1,Priority ecosystem function,,Provide & protect a diversity of refugia across the landscape,Very low flows (VFs) & baseflows (BF1) are provided at target magnitudes & durations as specified in PU EWRs,Very low flows (VFs) & baseflows (BF1) are provided at target magnitudes & durations as specified in PU EWRs,Very low flows (VFs) & baseflows (BF1) are provided at target magnitudes & durations as specified in PU EWRs
EF1,Priority ecosystem function,,Provide & protect a diversity of refugia across the landscape,Cease-to-flow (CTF) periods do not exceed maximum durations as specified in PU EWRs,Cease-to-flow (CTF) periods do not exceed maximum durations as specified in PU EWRs,Cease-to-flow (CTF) periods do not exceed maximum durations as specified in PU EWRs
EF1,Priority ecosystem function,,Provide & protect a diversity of refugia across the landscape,Adequate water depth is maintained in key refuge pools during dry times,Adequate water depth is maintained in key refuge pools during dry times,Adequate water depth is maintained in key refuge pools during dry times
EF1,Priority ecosystem function,,Provide & protect a diversity of refugia across the landscape,Maintain permanent inundation of acid sulphate soils in key areas,Maintain permanent inundation of acid sulphate soils in key areas,Maintain permanent inundation of acid sulphate soils in key areas
EF1,Priority ecosystem function,,Provide & protect a diversity of refugia across the landscape,Maintain dissolved oxygen >4 mg/L in surface water & down to 2 m below the surface at key gauges & in key refuge pools18 for 95% of the time & >2 mg/L for 99% of the time. Monitoring should incorporate overnight data collection between 3am & 6am from November-March each year,Maintain dissolved oxygen >4 mg/L in surface water & down to 2 m below the surface at key gauges & in key refuge pools18 for 95% of the time & >2 mg/L for 99% of the time. Monitoring should incorporate overnight data collection between 3am & 6am from November-March each year,Maintain dissolved oxygen >4 mg/L in surface water & down to 2 m below the surface at key gauges & in key refuge pools18 for 95% of the time & >2 mg/L for 99% of the time. Monitoring should incorporate overnight data collection between 3am & 6am from November-March each year
EF1,Priority ecosystem function,End-of-system salinty targets19,Provide & protect a diversity of refugia across the landscape,"Maintain salinity at <830 EC _S/cm in the lower Darling River at Burtundy, 95% of the time","Maintain salinity at <830 EC _S/cm in the lower Darling River at Burtundy, 95% of the time","Maintain salinity at <830 EC _S/cm in the lower Darling River at Burtundy, 95% of the time"
EF1,Priority ecosystem function,,Provide & protect a diversity of refugia across the landscape,"Maintain salinity at <580 EC _S/cm in the Murray River d/s Lock 6, 95% of the time","Maintain salinity at <580 EC _S/cm in the Murray River d/s Lock 6, 95% of the time","Maintain salinity at <580 EC _S/cm in the Murray River d/s Lock 6, 95% of the time"
EF1,Priority ecosystem function,,Provide & protect a diversity of refugia across the landscape,"Maintain salinity at <453 EC _S/cm in the Murray River at the SA Border, 80% of the time","Maintain salinity at <453 EC _S/cm in the Murray River at the SA Border, 80% of the time","Maintain salinity at <453 EC _S/cm in the Murray River at the SA Border, 80% of the time"
EF1,Priority ecosystem function,Other salinity targets20,Provide & protect a diversity of refugia across the landscape,Maintain salinity at <410 EC _S/cm in October & November at key river gauges & refuge pools in permanent streams to promote survival of native fish larvae during breeding seasons21,Maintain salinity at <410 EC _S/cm in October & November at key river gauges & refuge pools in permanent streams to promote survival of native fish larvae during breeding seasons21,Maintain salinity at <410 EC _S/cm in October & November at key river gauges & refuge pools in permanent streams to promote survival of native fish larvae during breeding seasons21
EF1,Priority ecosystem function,,Provide & protect a diversity of refugia across the landscape,"Maintain salinity at < 1000/1300 EC _S/cm at key river gauges & in key in-stream refuge pools for 95% of the time & <400022 EC _S/cm, 99% of the time","Maintain salinity at < 1000/1300 EC _S/cm at key river gauges & in key in-stream refuge pools for 95% of the time & <400022 EC _S/cm, 99% of the time","Maintain salinity at < 1000/1300 EC _S/cm at key river gauges & in key in-stream refuge pools for 95% of the time & <400022 EC _S/cm, 99% of the time"
EF2,Priority ecosystem function,,"Create quality instream, floodplain & wetland habitat",Rates of fall does not exceed the 5th percentile of modelled natural rates during regulated water deliveries,Rates of fall does not exceed the 5th percentile of modelled natural rates during regulated water deliveries,Rates of fall does not exceed the 5th percentile of modelled natural rates during regulated water deliveries
EF2,Priority ecosystem function,,"Create quality instream, floodplain & wetland habitat",Period for which instream freshes are held at constant level (- 5%) does not exceed modelled natural durations,Period for which instream freshes are held at constant level (- 5%) does not exceed modelled natural durations,Period for which instream freshes are held at constant level (- 5%) does not exceed modelled natural durations
EF2,Priority ecosystem function,,"Create quality instream, floodplain & wetland habitat",At least 2 fresh events per year in relevant planning units to inundate in-channel habitat & provide movement & breeding cues for native fish & other aquatic biota.,At least 2 fresh events per year in relevant planning units to inundate in-channel habitat & provide movement & breeding cues for native fish & other aquatic biota.,At least 2 fresh events per year in relevant planning units to inundate in-channel habitat & provide movement & breeding cues for native fish & other aquatic biota.
EF2,Priority ecosystem function,,"Create quality instream, floodplain & wetland habitat","Floodplains wetlands to undergo a drying phase (partial or full draw down) for at least 60 days, 6-10 years in 10 years (including Lower Murray wetlands & floodplains influenced by weir pools)","Floodplains wetlands to undergo a drying phase (partial or full draw down) for at least 60 days, 6-10 years in 10 years (including Lower Murray wetlands & floodplains influenced by weir pools)","Floodplains wetlands to undergo a drying phase (partial or full draw down) for at least 60 days, 6-10 years in 10 years (including Lower Murray wetlands & floodplains influenced by weir pools)"
EF2,Priority ecosystem function,,"Create quality instream, floodplain & wetland habitat","Flow velocities23 in lower Murray River weir pools to exceed 0.3 m/s in at least 20% or 50% of each weir pool in dry & moderate/wet years, respectively, for at least 30 days (ideally 60-150 days) during Aug-Dec & at least 60 days (ideally 120 days) in Jan-May.","Flow velocities23 in lower Murray River weir pools to exceed 0.3 m/s in at least 20% or 50% of each weir pool in dry & moderate/wet years, respectively, for at least 30 days (ideally 60-150 days) during Aug-Dec & at least 60 days (ideally 120 days) in Jan-May.","Flow velocities23 in lower Murray River weir pools to exceed 0.3 m/s in at least 20% or 50% of each weir pool in dry & moderate/wet years, respectively, for at least 30 days (ideally 60-150 days) during Aug-Dec & at least 60 days (ideally 120 days) in Jan-May."
EF2,Priority ecosystem function,,"Create quality instream, floodplain & wetland habitat",Incorporate habitat mapping and re-snagging activities into broad-scale MER and riverbank remediation works for native fish management and recovery.,Incorporate habitat mapping and re-snagging activities into broad-scale MER and riverbank remediation works for native fish management and recovery.,Incorporate habitat mapping and re-snagging activities into broad-scale MER and riverbank remediation works for native fish management and recovery.
EF3a,Priority ecosystem function,,Provide movement and dispersal opportunities for water dependent biota to complete lifecycles and disperse into new habitats within catchments,Annual detection of species and life stages representative of the whole fish community through key fish passages in specified planning units,Annual detection of species and life stages representative of the whole fish community through key fish passages in specified planning units,Annual detection of species and life stages representative of the whole fish community through key fish passages in specified planning units
EF3a,Priority ecosystem function,,Provide movement and dispersal opportunities for water dependent biota to complete lifecycles and disperse into new habitats within catchments,"The recommended frequency and duration of flows providing lateral connectivity with anabranches, low-lying wetlands and floodplains are met (see EWRs for large freshes, bankfull and overbank flows","The recommended frequency and duration of flows providing lateral connectivity with anabranches, low-lying wetlands and floodplains are met (see EWRs for large freshes, bankfull and overbank flows","The recommended frequency and duration of flows providing lateral connectivity with anabranches, low-lying wetlands and floodplains are met (see EWRs for large freshes, bankfull and overbank flows"
EF3a,Priority ecosystem function,,Provide movement and dispersal opportunities for water dependent biota to complete lifecycles and disperse into new habitats within catchments,"Provide longitudinal connectivity & integrity of flows24 to end-of-system, including flow pulses (regulated, natural or augmented natural) occurring in:- the River Murray main stem (including flows originating from the Goulburn & Murrumbidgee & lower Darling rivers) maintained from key source to South Australian (SA) border & including through lower Murray River weir pools - Edward-Wakool system rivers (including flows originating from the Murray River via Barmah-Millewa forest) - Lower Darling River (from the Barwon-Darling River to Weir 32, & continuing to the Murray River at the SA border) - Darling Anabranch from Lake Cawndilla to the Murray River (maintaining a simultaneous connection at the source i.e. lakes & Murray/Anabranch month for at least 30 days, at a minimum frequency of least 3 years in 10.","Provide longitudinal connectivity & integrity of flows24 to end-of-system, including flow pulses (regulated, natural or augmented natural) occurring in:- the River Murray main stem (including flows originating from the Goulburn & Murrumbidgee & lower Darling rivers) maintained from key source to South Australian (SA) border & including through lower Murray River weir pools - Edward-Wakool system rivers (including flows originating from the Murray River via Barmah-Millewa forest) - Lower Darling River (from the Barwon-Darling River to Weir 32, & continuing to the Murray River at the SA border) - Darling Anabranch from Lake Cawndilla to the Murray River (maintaining a simultaneous connection at the source i.e. lakes & Murray/Anabranch month for at least 30 days, at a minimum frequency of least 3 years in 10.","Provide longitudinal connectivity & integrity of flows24 to end-of-system, including flow pulses (regulated, natural or augmented natural) occurring in:- the River Murray main stem (including flows originating from the Goulburn & Murrumbidgee & lower Darling rivers) maintained from key source to South Australian (SA) border & including through lower Murray River weir pools - Edward-Wakool system rivers (including flows originating from the Murray River via Barmah-Millewa forest) - Lower Darling River (from the Barwon-Darling River to Weir 32, & continuing to the Murray River at the SA border) - Darling Anabranch from Lake Cawndilla to the Murray River (maintaining a simultaneous connection at the source i.e. lakes & Murray/Anabranch month for at least 30 days, at a minimum frequency of least 3 years in 10."
EF3b,Priority ecosystem function,,Provide movement and dispersal opportunities for water dependent biota to complete lifecycles and disperse into new habitats between catchments,"Provide longitudinal connectivity & integrity of flows24 to end-of-system, including flow pulses (regulated, natural or augmented natural) occurring in:- the River Murray main stem (including flows originating from the Goulburn & Murrumbidgee & lower Darling rivers) maintained from key source to South Australian (SA) border & including through lower Murray River weir pools - Edward-Wakool system rivers (including flows originating from the Murray River via Barmah-Millewa forest) - Lower Darling River (from the Barwon-Darling River to Weir 32, & continuing to the Murray River at the SA border) - Darling Anabranch from Lake Cawndilla to the Murray River (maintaining a simultaneous connection at the source i.e. lakes & Murray/Anabranch month for at least 30 days, at a minimum frequency of least 3 years in 10.","Provide longitudinal connectivity & integrity of flows24 to end-of-system, including flow pulses (regulated, natural or augmented natural) occurring in:- the River Murray main stem (including flows originating from the Goulburn & Murrumbidgee & lower Darling rivers) maintained from key source to South Australian (SA) border & including through lower Murray River weir pools - Edward-Wakool system rivers (including flows originating from the Murray River via Barmah-Millewa forest) - Lower Darling River (from the Barwon-Darling River to Weir 32, & continuing to the Murray River at the SA border) - Darling Anabranch from Lake Cawndilla to the Murray River (maintaining a simultaneous connection at the source i.e. lakes & Murray/Anabranch month for at least 30 days, at a minimum frequency of least 3 years in 10.","Provide longitudinal connectivity & integrity of flows24 to end-of-system, including flow pulses (regulated, natural or augmented natural) occurring in:- the River Murray main stem (including flows originating from the Goulburn & Murrumbidgee & lower Darling rivers) maintained from key source to South Australian (SA) border & including through lower Murray River weir pools - Edward-Wakool system rivers (including flows originating from the Murray River via Barmah-Millewa forest) - Lower Darling River (from the Barwon-Darling River to Weir 32, & continuing to the Murray River at the SA border) - Darling Anabranch from Lake Cawndilla to the Murray River (maintaining a simultaneous connection at the source i.e. lakes & Murray/Anabranch month for at least 30 days, at a minimum frequency of least 3 years in 10."
EF3b,Priority ecosystem function,,Provide movement and dispersal opportunities for water dependent biota to complete lifecycles and disperse into new habitats between catchments,"Provide in-channel connecting flows to the South Australia River Murray 8-10 years in 10 (>20,000 ML/d at the SA border), including at least 5 events with major contributions from the lower Darling system (including longitudinal connectivity from source to SA border).","Provide in-channel connecting flows to the South Australia River Murray 8-10 years in 10 (>20,000 ML/d at the SA border), including at least 5 events with major contributions from the lower Darling system (including longitudinal connectivity from source to SA border).","Provide in-channel connecting flows to the South Australia River Murray 8-10 years in 10 (>20,000 ML/d at the SA border), including at least 5 events with major contributions from the lower Darling system (including longitudinal connectivity from source to SA border)."
EF3b,Priority ecosystem function,,Provide movement and dispersal opportunities for water dependent biota to complete lifecycles and disperse into new habitats between catchments,,,"Provide small overbank (>45,000 ML/d) connecting flows to the SA River Murray in at least 6 years in 10."
EF4,Priority ecosystem function,,Support instream & floodplain productivity,Enhance riverine productivity to support increased food availability for aquatic food webs by increasing the supply of autochthonous & allochthonous carbon & nutrients,Enhance riverine productivity to support increased food availability for aquatic food webs by increasing the supply of autochthonous & allochthonous carbon & nutrients,Enhance riverine productivity to support increased food availability for aquatic food webs by increasing the supply of autochthonous & allochthonous carbon & nutrients
EF4,Priority ecosystem function,,Support instream & floodplain productivity,Maintain or increase the proportion of wetland & floodplain vegetation that is in good condition over a 5 year rolling period,Maintain or increase the proportion of wetland & floodplain vegetation that is in good condition over a 5 year rolling period,Maintain or increase the proportion of wetland & floodplain vegetation that is in good condition over a 5 year rolling period
EF4,Priority ecosystem function,,Support instream & floodplain productivity,Maintain native fish population structure that indicates successful transition from young-of-year to juveniles,Maintain native fish population structure that indicates successful transition from young-of-year to juveniles,Maintain native fish population structure that indicates successful transition from young-of-year to juveniles
EF4,Priority ecosystem function,,Support instream & floodplain productivity,Incorporate habitat mapping and resnagging activities into broad-scale MER and riverbank remediation works for native fish management and recovery.,Incorporate habitat mapping and resnagging activities into broad-scale MER and riverbank remediation works for native fish management and recovery.,Incorporate habitat mapping and resnagging activities into broad-scale MER and riverbank remediation works for native fish management and recovery.
EF4,Priority ecosystem function,,Support instream & floodplain productivity,No decline in key native fish species condition metrics,Improve key native fish species condition metrics,Improve key native fish species condition metrics
EF4,Priority ecosystem function,,Support instream & floodplain productivity,Maintain the abundance & distribution of decapod crustaceans,Improve the abundance & distribution of decapod crustaceans,Improve the abundance & distribution of decapod crustaceans
EF5,Priority ecosystem function,,"Support nutrient, carbon & sediment transport along channels, & between channels & floodplains/ wetlands","Maintain nutrient & carbon (DOC) pulses at multiple locations along rivers during freshes, bankfull & overbank events, especially those associated with flows occurring in the River Murray main stem (to SA border), lower Darling River (connecting to the Murray River at the SA border), and the Edward & Wakool river systems.",NEED TO UPDATE,NEED TO UPDATE
EF5,Priority ecosystem function,,"Support nutrient, carbon & sediment transport along channels, & between channels & floodplains/ wetlands","Increase lateral connectivity with anabranches, low-lying wetlands & floodplains, as specified in EWRs for large freshes, bankfull & overbank flows",,
EF5,Priority ecosystem function,,"Support nutrient, carbon & sediment transport along channels, & between channels & floodplains/ wetlands",Maintain or improve the organic matter storage capacity of wetland & floodplain soils (baseline to be established).,,
EF6,Priority ecosystem function,,Support groundwater conditions to sustain groundwater dependent biota,Maintain the 2016 mapped extent of groundwater dependent vegetation communities,Maintain the 2016 mapped extent of groundwater dependent vegetation communities,Maintain the 2016 mapped extent of groundwater dependent vegetation communities
EF6,Priority ecosystem function,,Support groundwater conditions to sustain groundwater dependent biota,Maintain groundwater levels within the natural range of variability over the long-term,Maintain groundwater levels within the natural range of variability over the long-term,Maintain groundwater levels within the natural range of variability over the long-term
EF7,Priority ecosystem function,,Increase the contribution of flows into the South Australian lower Murray River,"Provide in-channel connecting flows to the South Australia River Murray 8-10 years in 10 (>20,000 ML/d at the SA border), including at least 5 events with major contributions from the Lower Darling system (including longitudinal connectivity from source to SA border).","Provide in-channel connecting flows to the South Australia River Murray 8-10 years in 10 (>20,000 ML/d at the SA border), including at least 5 events with major contributions from the Lower Darling system (including longitudinal connectivity from source to SA border).","Provide in-channel connecting flows to the South Australia River Murray 8-10 years in 10 (>20,000 ML/d at the SA border), including at least 5 events with major contributions from the Lower Darling system (including longitudinal connectivity from source to SA border)."
EF7,Priority ecosystem function,,Increase the contribution of flows into the South Australian lower Murray River,,,"Provide small overbank (>45,000 ML/d) connecting flows to the SA River Murray in at least 6 years in 10."
EF8,Priority ecosystem function,,NEED TO UPDATE,NEED TO UPDATE,NEED TO UPDATE,NEED TO UPDATE
OS1,Other species,,Maintain species richness of flow-dependent frog communities,"Detect all flow-dependent frog species known from the Lower Darling (5 species), Lower Murray (8 species) and Mid Murray (9 species) regions based on comprehensive surveys over the 2010-2017 period25","Detect all flow-dependent frog species known from the Lower Darling (5 species), Lower Murray (8 species) and Mid Murray (9 species) regions based on comprehensive surveys over the 2010-2017 period25","Detect all flow-dependent frog species known from the Lower Darling (5 species), Lower Murray (8 species) and Mid Murray (9 species) regions based on comprehensive surveys over the 2010-2017 period25"
OS2,Other species,,Maintain successful26 breeding opportunities for flow-dependent frog species,Establish baseline data on the number and distribution of wetlands with breeding activity of flow-dependant frog species,"Maintain proportion of wetlands sites where breeding activity27 of flow-dependent frog species is detected in the Lower Darling, Lower Murray and Mid Murray regions compared to comprehensive surveys in the 2019-2024 period","Maintain proportion of wetlands sites where breeding activity27 of flow-dependent frog species is detected in the Lower Darling, Lower Murray and Mid Murray regions compared to comprehensive surveys in the 2019-2024 period"
OS3a,Other species,,Maintain and increase number of wetland sites occupied by the threatened southern bell frog,Detect southern bell frog at 80% of known sites in the Lower Murray and Mid Murray regions in the 2019-2024 period,Detect the southern bell frog at 90% of known sites in the Lower Murray and Mid Murray regions,Detect the southern bell frog at 90% of known sites in the Lower Murray and Mid Murray regions
OS3a,Other species,,Maintain and increase number of wetland sites occupied by the threatened southern bell frog,Detect potential recruitment of southern bell frog in at least 80% of targeted watered wetland sites in the LTWP area in 5 of 5 years,Detect potential recruitment28 of southern bell frog in at least 90% of targeted watered wetland sites in the LTWP area in 5 of 5 years,Detect potential recruitment28 of southern bell frog in at least 90% of targeted watered wetland sites in the LTWP area in 5 of 5 years
OS3b,Other species,,Maintain & increase number of wetland sites occupied by the threatened Sloane's froglet,Detect Sloanes froglet at 80% of known sites in the Upper and Mid Murray in the 2019-2024 period29,Detect the Sloane's froglet at 90% of known sites in the Upper and Mid Murray regions29,Detect the Sloane's froglet at 90% of known sites in the Upper and Mid Murray regions29
OS4,Other species,,Maintain water-dependent species richness,Over the longer term (20 years) no reduction in the number and range of water-dependent species that are found throughout the catchment.,Over the longer term (20 years) no reduction in the number and range of water-dependent species that are found throughout the catchment.,Over the longer term (20 years) no reduction in the number and range of water-dependent species that are found throughout the catchment.
NFunidentified,Native fish,,NEED TO UPDATE,NEED TO UPDATE,NEED TO UPDATE,NEED TO UPDATE
NVunidentified,Native vegetation,,NEED TO UPDATE,NEED TO UPDATE,NEED TO UPDATE,NEED TO UPDATE
WBunidentified,Waterbird,,NEED TO UPDATE,NEED TO UPDATE,NEED TO UPDATE,NEED TO UPDATE
EFunidentified,Priority ecosystem function,,NEED TO UPDATE,NEED TO UPDATE,NEED TO UPDATE,NEED TO UPDATE
OSunidentified,Other species,,NEED TO UPDATE,NEED TO UPDATE,NEED TO UPDATE,NEED TO UPDATE
