planning_unit_name,LTWPShortName,env_obj,Objective,Target,state,SWSDLName
Campaspe River at Reach 2,Campaspe River EWMP,V-1,Maintain/Increase River Red Gum: To maintain adult River Red Gum trees and facilitate successful recruitment,Native Vegetation,Vic,Campaspe
Campaspe River at Reach 2,Campaspe River EWMP,V-2,"Increase native fish: To increase the population size, with an appropriate age structure of small and large bodied native fish known to occur in the Campaspe River. E.g. Golden Perch, Murray Cod and Murray Darling Rainbowfish",Native Fish,Vic,Campaspe
Campaspe River at Reach 2,Campaspe River EWMP,V-2.1,Maintain/increase diversity and productivity of macroinvertebrates and macroinvertebrate functional feeding groups,Ecosystem Functions,Vic,Campaspe
Campaspe River at Reach 2,Campaspe River EWMP,V-2.2,"Increase extent/maintain emergent littoral macrophytes (e.g. Phragmites, rushes, reeds and sedges) on benches and edges of channel, but limit their encroachment into the middle of the channel",Native Vegetation,Vic,Campaspe
Campaspe River at Reach 2,Campaspe River EWMP,V-2.3,"Increase extent/maintain instream aquatic plants (e.g. Water Ribbons, Eel Grass)",Native Vegetation,Vic,Campaspe
Campaspe River at Reach 2,Campaspe River EWMP,V-2.4,Control salinity and stratification in deep pools,Ecosystem Functions,Vic,Campaspe
Campaspe River at Reach 2,Campaspe River EWMP,V-3,"Facilitate recolonisation by native fish species that have been presumed lost e.g. Trout Cod, River Blackfish and Macquarie Perch.",Native Fish,Vic,Campaspe
Campaspe River at Reach 2,Campaspe River EWMP,V-4,Platypus - Maintain/increase resident breeding population by facilitating successful recruitment at least every second year and promote safe dispersal by juveniles,Other species,Vic,Campaspe
Campaspe River at Reach 2,Campaspe River EWMP,V-5,Maintain/Improve connectivity between the Campaspe River reaches and between the Campaspe River and the Murray River,Ecoystem Functions,Vic,Campaspe
Campaspe River at Reach 3,Campaspe River EWMP,V-1,Maintain/Increase River Red Gum: To maintain adult River Red Gum trees and facilitate successful recruitment,Native Vegetation,Vic,Campaspe
Campaspe River at Reach 3,Campaspe River EWMP,V-2,"Increase native fish: To increase the population size, with an appropriate age structure of small and large bodied native fish known to occur in the Campaspe River. E.g. Golden Perch, Murray Cod and Murray Darling Rainbowfish",Native Fish,Vic,Campaspe
Campaspe River at Reach 3,Campaspe River EWMP,V-2.1,Maintain/increase diversity and productivity of macroinvertebrates and macroinvertebrate functional feeding groups,Ecosystem Functions,Vic,Campaspe
Campaspe River at Reach 3,Campaspe River EWMP,V-2.2,"Increase extent/maintain emergent littoral macrophytes (e.g. Phragmites, rushes, reeds and sedges) on benches and edges of channel, but limit their encroachment into the middle of the channel",Native Vegetation,Vic,Campaspe
Campaspe River at Reach 3,Campaspe River EWMP,V-2.3,"Increase extent/maintain instream aquatic plants (e.g. Water Ribbons, Eel Grass)",Native Vegetation,Vic,Campaspe
Campaspe River at Reach 3,Campaspe River EWMP,V-2.4,Control salinity and stratification in deep pools,Ecosystem Functions,Vic,Campaspe
Campaspe River at Reach 3,Campaspe River EWMP,V-3,"Facilitate recolonisation by native fish species that have been presumed lost e.g. Trout Cod, River Blackfish and Macquarie Perch.",Native Fish,Vic,Campaspe
Campaspe River at Reach 3,Campaspe River EWMP,V-4,Platypus - Maintain/increase resident breeding population by facilitating successful recruitment at least every second year and promote safe dispersal by juveniles,Other species,Vic,Campaspe
Campaspe River at Reach 3,Campaspe River EWMP,V-5,Maintain/Improve connectivity between the Campaspe River reaches and between the Campaspe River and the Murray River,Ecoystem Functions,Vic,Campaspe
Campaspe River at Reach 4,Campaspe River EWMP,V-1,Maintain/Increase River Red Gum: To maintain adult River Red Gum trees and facilitate successful recruitment,Native Vegetation,Vic,Campaspe
Campaspe River at Reach 4,Campaspe River EWMP,V-2,"Increase native fish: To increase the population size, with an appropriate age structure of small and large bodied native fish known to occur in the Campaspe River. E.g. Golden Perch, Murray Cod and Murray Darling Rainbowfish",Native Fish,Vic,Campaspe
Campaspe River at Reach 4,Campaspe River EWMP,V-2.1,Maintain/increase diversity and productivity of macroinvertebrates and macroinvertebrate functional feeding groups,Ecosystem Functions,Vic,Campaspe
Campaspe River at Reach 4,Campaspe River EWMP,V-2.2,"Increase extent/maintain emergent littoral macrophytes (e.g. Phragmites, rushes, reeds and sedges) on benches and edges of channel, but limit their encroachment into the middle of the channel",Native Vegetation,Vic,Campaspe
Campaspe River at Reach 4,Campaspe River EWMP,V-2.3,"Increase extent/maintain instream aquatic plants (e.g. Water Ribbons, Eel Grass)",Native Vegetation,Vic,Campaspe
Campaspe River at Reach 4,Campaspe River EWMP,V-2.4,Control salinity and stratification in deep pools,Ecosystem Functions,Vic,Campaspe
Campaspe River at Reach 4,Campaspe River EWMP,V-3,"Facilitate recolonisation by native fish species that have been presumed lost e.g. Trout Cod, River Blackfish and Macquarie Perch.",Native Fish,Vic,Campaspe
Campaspe River at Reach 4,Campaspe River EWMP,V-4,Platypus - Maintain/increase resident breeding population by facilitating successful recruitment at least every second year and promote safe dispersal by juveniles,Other species,Vic,Campaspe
Campaspe River at Reach 4,Campaspe River EWMP,V-5,Maintain/Improve connectivity between the Campaspe River reaches and between the Campaspe River and the Murray River,Ecoystem Functions,Vic,Campaspe
Coliban River at Reach 1,Coliban River EWMP,V-F1,"Increase abundance and diversity of opportunistic small-bodied native fish such as Australian Smelt, Flatheaded Gudgeon and Mountain Galaxias.",Native Fish,Vic,Campaspe
Coliban River at Reach 1,Coliban River EWMP,V-F2,Provide habitat and flow conditions that will allow River Blackfish to reestablish,Native Fish,Vic,Campaspe
Coliban River at Reach 1,Coliban River EWMP,V-P1,Provide conditions that consistently support widespread successful breeding of Platypus to increase its resilience to future drought and floods and to provide surplus juveniles that can disperse to and colonise other suitable waterways,Other Species,Vic,Campaspe
Coliban River at Reach 1,Coliban River EWMP,V-V1,"Maintain and increase cover and diversity of instream aquatics such as Triglochin procerum, Myriophyllum varrifolium and Potamogeton spp.",Native Vegetation,Vic,Campaspe
Coliban River at Reach 1,Coliban River EWMP,V-V2,"Maintain and increase abundance and diversity of emergent fringing vegetation such as Phragmites, Juncus and Bolboschoenus on benches and edges of channel, but limit their encroachment into the middle of the channel",Native Vegetation,Vic,Campaspe
Coliban River at Reach 1,Coliban River EWMP,V-V3,"Maintain adult riparian woody vegetation (e.g. River Red Gum, Callistemon sieberi, Leptospermum lanigerum, and Acacia provincialis) and facilitate recruitment",Native Vegetation,Vic,Campaspe
Coliban River at Reach 1,Coliban River EWMP,V-WQ1,Maintain water quality that is able to support aquatic biota and ecological processes,Ecosystem Functions,Vic,Campaspe
Coliban River at Reach 1,Coliban River EWMP,V-M1,"Maintain and increase overall abundance, diversity and productivity of macroinvertebrates and macroinvertebrate functional feeding groups to drive productive and dynamic foodwebs.",Ecosystem Functions,Vic,Campaspe
Coliban River at Reach 1,Coliban River EWMP,V-G1,"Maintain channel form, replenish benches and scour pools to maintain their depth",Ecosystem Functions,Vic,Campaspe
Coliban River at Reach 1,Coliban River EWMP,V-G2,"Clean substrates including rocks, submerged wood and macrophytes",Ecosystem Functions,Vic,Campaspe
Loddon River: Upper Loddon River System at Reach 1,Loddon River EWMP,V-PF1,"To increase the population size, with an appropriate age structure, of native fish species in the impounded Loddon River System reaches",Native Fish,Vic,Loddon
Loddon River: Upper Loddon River System at Reach 1,Loddon River EWMP,V-PF1.1,Increase population size (with appropriate age structure) and distribution of River Blackfish and facilitate re-colonisation of Reach 1 via Laanecoorie Reservoir.,Native Fish,Vic,Loddon
Loddon River: Upper Loddon River System at Reach 1,Loddon River EWMP,V-PF1.2,"Enhance natural recruitment and dispersal of stocked Murray Cod populations in disconnected impoundments e.g. Laanecoorie Reservoir, Serpentine Weir pool, Loddon Weir pool, and large pools between Laanecoorie Reservoir and Serpentine Creek (Durham Ox weir pool).",Native Fish,Vic,Loddon
Loddon River: Upper Loddon River System at Reach 1,Loddon River EWMP,V-PF1.3,"Maintain habitat for stocked populations of Golden Perch in disconnected reaches e.g. Laanecoorie Reservoir, Serpentine Weir pool, Loddon Weir pool, and large pools between Laanecoorie Reservoir and Serpentine Creek",Native Fish,Vic,Loddon
Loddon River: Upper Loddon River System at Reach 1,Loddon River EWMP,V-PF1.4,"Increase population size (with appropriate age structure) of small-bodied native fish species including Murray-Darling Rainbowfish, Flathead Gudgeon, Carp Gudgeon, and Australian Smelt.",Native Fish,Vic,Loddon
Loddon River: Upper Loddon River System at Reach 1,Loddon River EWMP,V-PF2,"To increase the population size, with an appropriate age structure, and the diversity of native fish species, in the connected mid and lower Loddon River System",Native Fish,Vic,Loddon
Loddon River: Upper Loddon River System at Reach 1,Loddon River EWMP,V-PF2.1,"Increase population size and diversity (with appropriate age structure) of small-bodied native fish species including Murray-Darling Rainbowfish, Flathead Gudgeon, Carp Gudgeon, and Australian Smelt.",Native Fish,Vic,Loddon
Loddon River: Upper Loddon River System at Reach 1,Loddon River EWMP,V-PF2.2,Enhance natural recruitment of Murray Cod population and allow fish to disperse and colonise suitable habitats in the Mid-Murray floodplain system.,Native Fish,Vic,Loddon
Loddon River: Upper Loddon River System at Reach 1,Loddon River EWMP,V-PF2.3,Extend available critical habitat to facilitate recolonisation of large bodied fish such as Silver Perch and Golden Perch populations in the Mid-Murray floodplain system,Native Fish,Vic,Loddon
Loddon River: Upper Loddon River System at Reach 1,Loddon River EWMP,V-PP1 ,Increase size of resident breeding Platypus populations and facilitate dispersal of surplus juveniles that can colonise other reaches of the Loddon River and connected catchments.,Other Species,Vic,Loddon
Loddon River: Upper Loddon River System at Reach 1,Loddon River EWMP,V-PV1,"Maintain adult riparian woody vegetation (e.g. River Red Gum, Black Box, Bottlebrush, Tea Tree, Melaleuca and Tangled Lignum – species composition will vary between reaches) and facilitate recruitment adjacent to the river channel and in low lying floodplain areas that are watered via floodrunners",Native Vegetation,Vic,Loddon
Loddon River: Upper Loddon River System at Reach 1,Loddon River EWMP,V-PV2,"Maintain low lying floodplain vegetation communities. These communities are characterised by a River Red Gum overstorey and grassy, sedge or lignum understorey.",Native Vegetation,Vic,Loddon
Loddon River: Upper Loddon River System at Reach 1,Loddon River EWMP,V-SV1,Maintain and increase spatial extent of in-stream vegetation,Native Vegetation,Vic,Loddon
Loddon River: Upper Loddon River System at Reach 1,Loddon River EWMP,V-SV2,Increase diversity and appropriate spatial extent of native emergent fringing nonwoody vegetation along the banks and in floodrunners or anabranches.,Native Vegetation,Vic,Loddon
Loddon River: Upper Loddon River System at Reach 1,Loddon River EWMP,V-SV3,"Maintain biofilm productivity, especially on coarse woody debris.",Native Vegetation,Vic,Loddon
Loddon River: Upper Loddon River System at Reach 1,Loddon River EWMP,V-SB1,"Maintain/Increase aquatic biota such as Freshwater turtles, native frogs and water rats",Other Species,Vic,Loddon
Loddon River: Upper Loddon River System at Reach 1,Loddon River EWMP,V-SM1,Maintain/increase diversity and productivity of macroinvertebrates and macroinvertebrate functional feeding groups to drive productive and dynamic foodwebs.,Ecosystem Functions,Vic,Loddon
Loddon River: Upper Loddon River System at Reach 1,Loddon River EWMP,V-SWQ1,"Maintain water quality at a level that is able to support fish and macroinvertebrates. In particular maintain adequate concentrations of dissolved oxygen, prevent salinity levels rising above 3,000 EC and prevent excessive water temperatures during low flow periods.",Ecosystem Functions,Vic,Loddon
Loddon River: Upper Loddon River System at Reach 1,Loddon River EWMP,V-SG1,"Re-establish deep pools in areas that have been affected by sand slugs, maintain existing pools in other areas and replenish benches within the channel.",Ecosystem Functions,Vic,Loddon
Loddon River: Upper Loddon River System at Reach 1,Loddon River EWMP,V-SG2,"Flush accumulated silt and sediment from substrates including rocks, submerged wood and macrophytes",Ecosystem Functions,Vic,Loddon
Tullaroop Creek (Upper Loddon River System) at Reach 2,Loddon River EWMP,V-PF1,"To increase the population size, with an appropriate age structure, of native fish species in the impounded Loddon River System reaches",Native Fish,Vic,Loddon
Tullaroop Creek (Upper Loddon River System) at Reach 2,Loddon River EWMP,V-PF1.1,Increase population size (with appropriate age structure) and distribution of River Blackfish and facilitate re-colonisation of Reach 1 via Laanecoorie Reservoir.,Native Fish,Vic,Loddon
Tullaroop Creek (Upper Loddon River System) at Reach 2,Loddon River EWMP,V-PF1.2,"Enhance natural recruitment and dispersal of stocked Murray Cod populations in disconnected impoundments e.g. Laanecoorie Reservoir, Serpentine Weir pool, Loddon Weir pool, and large pools between Laanecoorie Reservoir and Serpentine Creek (Durham Ox weir pool).",Native Fish,Vic,Loddon
Tullaroop Creek (Upper Loddon River System) at Reach 2,Loddon River EWMP,V-PF1.3,"Maintain habitat for stocked populations of Golden Perch in disconnected reaches e.g. Laanecoorie Reservoir, Serpentine Weir pool, Loddon Weir pool, and large pools between Laanecoorie Reservoir and Serpentine Creek",Native Fish,Vic,Loddon
Tullaroop Creek (Upper Loddon River System) at Reach 2,Loddon River EWMP,V-PF1.4,"Increase population size (with appropriate age structure) of small-bodied native fish species including Murray-Darling Rainbowfish, Flathead Gudgeon, Carp Gudgeon, and Australian Smelt.",Native Fish,Vic,Loddon
Tullaroop Creek (Upper Loddon River System) at Reach 2,Loddon River EWMP,V-PF2,"To increase the population size, with an appropriate age structure, and the diversity of native fish species, in the connected mid and lower Loddon River System",Native Fish,Vic,Loddon
Tullaroop Creek (Upper Loddon River System) at Reach 2,Loddon River EWMP,V-PF2.1,"Increase population size and diversity (with appropriate age structure) of small-bodied native fish species including Murray-Darling Rainbowfish, Flathead Gudgeon, Carp Gudgeon, and Australian Smelt.",Native Fish,Vic,Loddon
Tullaroop Creek (Upper Loddon River System) at Reach 2,Loddon River EWMP,V-PF2.2,Enhance natural recruitment of Murray Cod population and allow fish to disperse and colonise suitable habitats in the Mid-Murray floodplain system.,Native Fish,Vic,Loddon
Tullaroop Creek (Upper Loddon River System) at Reach 2,Loddon River EWMP,V-PF2.3,Extend available critical habitat to facilitate recolonisation of large bodied fish such as Silver Perch and Golden Perch populations in the Mid-Murray floodplain system,Native Fish,Vic,Loddon
Tullaroop Creek (Upper Loddon River System) at Reach 2,Loddon River EWMP,V-PP1 ,Increase size of resident breeding Platypus populations and facilitate dispersal of surplus juveniles that can colonise other reaches of the Loddon River and connected catchments.,Other Species,Vic,Loddon
Tullaroop Creek (Upper Loddon River System) at Reach 2,Loddon River EWMP,V-PV1,"Maintain adult riparian woody vegetation (e.g. River Red Gum, Black Box, Bottlebrush, Tea Tree, Melaleuca and Tangled Lignum – species composition will vary between reaches) and facilitate recruitment adjacent to the river channel and in low lying floodplain areas that are watered via floodrunners",Native Vegetation,Vic,Loddon
Tullaroop Creek (Upper Loddon River System) at Reach 2,Loddon River EWMP,V-PV2,"Maintain low lying floodplain vegetation communities. These communities are characterised by a River Red Gum overstorey and grassy, sedge or lignum understorey.",Native Vegetation,Vic,Loddon
Tullaroop Creek (Upper Loddon River System) at Reach 2,Loddon River EWMP,V-SV1,Maintain and increase spatial extent of in-stream vegetation,Native Vegetation,Vic,Loddon
Tullaroop Creek (Upper Loddon River System) at Reach 2,Loddon River EWMP,V-SV2,Increase diversity and appropriate spatial extent of native emergent fringing nonwoody vegetation along the banks and in floodrunners or anabranches.,Native Vegetation,Vic,Loddon
Tullaroop Creek (Upper Loddon River System) at Reach 2,Loddon River EWMP,V-SV3,"Maintain biofilm productivity, especially on coarse woody debris.",Native Vegetation,Vic,Loddon
Tullaroop Creek (Upper Loddon River System) at Reach 2,Loddon River EWMP,V-SB1,"Maintain/Increase aquatic biota such as Freshwater turtles, native frogs and water rats",Other Species,Vic,Loddon
Tullaroop Creek (Upper Loddon River System) at Reach 2,Loddon River EWMP,V-SM1,Maintain/increase diversity and productivity of macroinvertebrates and macroinvertebrate functional feeding groups to drive productive and dynamic foodwebs.,Ecosystem Functions,Vic,Loddon
Tullaroop Creek (Upper Loddon River System) at Reach 2,Loddon River EWMP,V-SWQ1,"Maintain water quality at a level that is able to support fish and macroinvertebrates. In particular maintain adequate concentrations of dissolved oxygen, prevent salinity levels rising above 3,000 EC and prevent excessive water temperatures during low flow periods.",Ecosystem Functions,Vic,Loddon
Tullaroop Creek (Upper Loddon River System) at Reach 2,Loddon River EWMP,V-SG1,"Re-establish deep pools in areas that have been affected by sand slugs, maintain existing pools in other areas and replenish benches within the channel.",Ecosystem Functions,Vic,Loddon
Tullaroop Creek (Upper Loddon River System) at Reach 2,Loddon River EWMP,V-SG2,"Flush accumulated silt and sediment from substrates including rocks, submerged wood and macrophytes",Ecosystem Functions,Vic,Loddon
Loddon River: Upper Loddon River System at Reach 3a,Loddon River EWMP,V-PF1,"To increase the population size, with an appropriate age structure, of native fish species in the impounded Loddon River System reaches",Native Fish,Vic,Loddon
Loddon River: Upper Loddon River System at Reach 3a,Loddon River EWMP,V-PF1.1,Increase population size (with appropriate age structure) and distribution of River Blackfish and facilitate re-colonisation of Reach 1 via Laanecoorie Reservoir.,Native Fish,Vic,Loddon
Loddon River: Upper Loddon River System at Reach 3a,Loddon River EWMP,V-PF1.2,"Enhance natural recruitment and dispersal of stocked Murray Cod populations in disconnected impoundments e.g. Laanecoorie Reservoir, Serpentine Weir pool, Loddon Weir pool, and large pools between Laanecoorie Reservoir and Serpentine Creek (Durham Ox weir pool).",Native Fish,Vic,Loddon
Loddon River: Upper Loddon River System at Reach 3a,Loddon River EWMP,V-PF1.3,"Maintain habitat for stocked populations of Golden Perch in disconnected reaches e.g. Laanecoorie Reservoir, Serpentine Weir pool, Loddon Weir pool, and large pools between Laanecoorie Reservoir and Serpentine Creek",Native Fish,Vic,Loddon
Loddon River: Upper Loddon River System at Reach 3a,Loddon River EWMP,V-PF1.4,"Increase population size (with appropriate age structure) of small-bodied native fish species including Murray-Darling Rainbowfish, Flathead Gudgeon, Carp Gudgeon, and Australian Smelt.",Native Fish,Vic,Loddon
Loddon River: Upper Loddon River System at Reach 3a,Loddon River EWMP,V-PF2,"To increase the population size, with an appropriate age structure, and the diversity of native fish species, in the connected mid and lower Loddon River System",Native Fish,Vic,Loddon
Loddon River: Upper Loddon River System at Reach 3a,Loddon River EWMP,V-PF2.1,"Increase population size and diversity (with appropriate age structure) of small-bodied native fish species including Murray-Darling Rainbowfish, Flathead Gudgeon, Carp Gudgeon, and Australian Smelt.",Native Fish,Vic,Loddon
Loddon River: Upper Loddon River System at Reach 3a,Loddon River EWMP,V-PF2.2,Enhance natural recruitment of Murray Cod population and allow fish to disperse and colonise suitable habitats in the Mid-Murray floodplain system.,Native Fish,Vic,Loddon
Loddon River: Upper Loddon River System at Reach 3a,Loddon River EWMP,V-PF2.3,Extend available critical habitat to facilitate recolonisation of large bodied fish such as Silver Perch and Golden Perch populations in the Mid-Murray floodplain system,Native Fish,Vic,Loddon
Loddon River: Upper Loddon River System at Reach 3a,Loddon River EWMP,V-PP1 ,Increase size of resident breeding Platypus populations and facilitate dispersal of surplus juveniles that can colonise other reaches of the Loddon River and connected catchments.,Other Species,Vic,Loddon
Loddon River: Upper Loddon River System at Reach 3a,Loddon River EWMP,V-PV1,"Maintain adult riparian woody vegetation (e.g. River Red Gum, Black Box, Bottlebrush, Tea Tree, Melaleuca and Tangled Lignum – species composition will vary between reaches) and facilitate recruitment adjacent to the river channel and in low lying floodplain areas that are watered via floodrunners",Native Vegetation,Vic,Loddon
Loddon River: Upper Loddon River System at Reach 3a,Loddon River EWMP,V-PV2,"Maintain low lying floodplain vegetation communities. These communities are characterised by a River Red Gum overstorey and grassy, sedge or lignum understorey.",Native Vegetation,Vic,Loddon
Loddon River: Upper Loddon River System at Reach 3a,Loddon River EWMP,V-SV1,Maintain and increase spatial extent of in-stream vegetation,Native Vegetation,Vic,Loddon
Loddon River: Upper Loddon River System at Reach 3a,Loddon River EWMP,V-SV2,Increase diversity and appropriate spatial extent of native emergent fringing nonwoody vegetation along the banks and in floodrunners or anabranches.,Native Vegetation,Vic,Loddon
Loddon River: Upper Loddon River System at Reach 3a,Loddon River EWMP,V-SV3,"Maintain biofilm productivity, especially on coarse woody debris.",Native Vegetation,Vic,Loddon
Loddon River: Upper Loddon River System at Reach 3a,Loddon River EWMP,V-SB1,"Maintain/Increase aquatic biota such as Freshwater turtles, native frogs and water rats",Other Species,Vic,Loddon
Loddon River: Upper Loddon River System at Reach 3a,Loddon River EWMP,V-SM1,Maintain/increase diversity and productivity of macroinvertebrates and macroinvertebrate functional feeding groups to drive productive and dynamic foodwebs.,Ecosystem Functions,Vic,Loddon
Loddon River: Upper Loddon River System at Reach 3a,Loddon River EWMP,V-SWQ1,"Maintain water quality at a level that is able to support fish and macroinvertebrates. In particular maintain adequate concentrations of dissolved oxygen, prevent salinity levels rising above 3,000 EC and prevent excessive water temperatures during low flow periods.",Ecosystem Functions,Vic,Loddon
Loddon River: Upper Loddon River System at Reach 3a,Loddon River EWMP,V-SG1,"Re-establish deep pools in areas that have been affected by sand slugs, maintain existing pools in other areas and replenish benches within the channel.",Ecosystem Functions,Vic,Loddon
Loddon River: Upper Loddon River System at Reach 3a,Loddon River EWMP,V-SG2,"Flush accumulated silt and sediment from substrates including rocks, submerged wood and macrophytes",Ecosystem Functions,Vic,Loddon
Loddon River: Upper Loddon River System at Reach 3b,Loddon River EWMP,V-PF1,"To increase the population size, with an appropriate age structure, of native fish species in the impounded Loddon River System reaches",Native Fish,Vic,Loddon
Loddon River: Upper Loddon River System at Reach 3b,Loddon River EWMP,V-PF1.1,Increase population size (with appropriate age structure) and distribution of River Blackfish and facilitate re-colonisation of Reach 1 via Laanecoorie Reservoir.,Native Fish,Vic,Loddon
Loddon River: Upper Loddon River System at Reach 3b,Loddon River EWMP,V-PF1.2,"Enhance natural recruitment and dispersal of stocked Murray Cod populations in disconnected impoundments e.g. Laanecoorie Reservoir, Serpentine Weir pool, Loddon Weir pool, and large pools between Laanecoorie Reservoir and Serpentine Creek (Durham Ox weir pool).",Native Fish,Vic,Loddon
Loddon River: Upper Loddon River System at Reach 3b,Loddon River EWMP,V-PF1.3,"Maintain habitat for stocked populations of Golden Perch in disconnected reaches e.g. Laanecoorie Reservoir, Serpentine Weir pool, Loddon Weir pool, and large pools between Laanecoorie Reservoir and Serpentine Creek",Native Fish,Vic,Loddon
Loddon River: Upper Loddon River System at Reach 3b,Loddon River EWMP,V-PF1.4,"Increase population size (with appropriate age structure) of small-bodied native fish species including Murray-Darling Rainbowfish, Flathead Gudgeon, Carp Gudgeon, and Australian Smelt.",Native Fish,Vic,Loddon
Loddon River: Upper Loddon River System at Reach 3b,Loddon River EWMP,V-PF2,"To increase the population size, with an appropriate age structure, and the diversity of native fish species, in the connected mid and lower Loddon River System",Native Fish,Vic,Loddon
Loddon River: Upper Loddon River System at Reach 3b,Loddon River EWMP,V-PF2.1,"Increase population size and diversity (with appropriate age structure) of small-bodied native fish species including Murray-Darling Rainbowfish, Flathead Gudgeon, Carp Gudgeon, and Australian Smelt.",Native Fish,Vic,Loddon
Loddon River: Upper Loddon River System at Reach 3b,Loddon River EWMP,V-PF2.2,Enhance natural recruitment of Murray Cod population and allow fish to disperse and colonise suitable habitats in the Mid-Murray floodplain system.,Native Fish,Vic,Loddon
Loddon River: Upper Loddon River System at Reach 3b,Loddon River EWMP,V-PF2.3,Extend available critical habitat to facilitate recolonisation of large bodied fish such as Silver Perch and Golden Perch populations in the Mid-Murray floodplain system,Native Fish,Vic,Loddon
Loddon River: Upper Loddon River System at Reach 3b,Loddon River EWMP,V-PP1 ,Increase size of resident breeding Platypus populations and facilitate dispersal of surplus juveniles that can colonise other reaches of the Loddon River and connected catchments.,Other Species,Vic,Loddon
Loddon River: Upper Loddon River System at Reach 3b,Loddon River EWMP,V-PV1,"Maintain adult riparian woody vegetation (e.g. River Red Gum, Black Box, Bottlebrush, Tea Tree, Melaleuca and Tangled Lignum – species composition will vary between reaches) and facilitate recruitment adjacent to the river channel and in low lying floodplain areas that are watered via floodrunners",Native Vegetation,Vic,Loddon
Loddon River: Upper Loddon River System at Reach 3b,Loddon River EWMP,V-PV2,"Maintain low lying floodplain vegetation communities. These communities are characterised by a River Red Gum overstorey and grassy, sedge or lignum understorey.",Native Vegetation,Vic,Loddon
Loddon River: Upper Loddon River System at Reach 3b,Loddon River EWMP,V-SV1,Maintain and increase spatial extent of in-stream vegetation,Native Vegetation,Vic,Loddon
Loddon River: Upper Loddon River System at Reach 3b,Loddon River EWMP,V-SV2,Increase diversity and appropriate spatial extent of native emergent fringing nonwoody vegetation along the banks and in floodrunners or anabranches.,Native Vegetation,Vic,Loddon
Loddon River: Upper Loddon River System at Reach 3b,Loddon River EWMP,V-SV3,"Maintain biofilm productivity, especially on coarse woody debris.",Native Vegetation,Vic,Loddon
Loddon River: Upper Loddon River System at Reach 3b,Loddon River EWMP,V-SB1,"Maintain/Increase aquatic biota such as Freshwater turtles, native frogs and water rats",Other Species,Vic,Loddon
Loddon River: Upper Loddon River System at Reach 3b,Loddon River EWMP,V-SM1,Maintain/increase diversity and productivity of macroinvertebrates and macroinvertebrate functional feeding groups to drive productive and dynamic foodwebs.,Ecosystem Functions,Vic,Loddon
Loddon River: Upper Loddon River System at Reach 3b,Loddon River EWMP,V-SWQ1,"Maintain water quality at a level that is able to support fish and macroinvertebrates. In particular maintain adequate concentrations of dissolved oxygen, prevent salinity levels rising above 3,000 EC and prevent excessive water temperatures during low flow periods.",Ecosystem Functions,Vic,Loddon
Loddon River: Upper Loddon River System at Reach 3b,Loddon River EWMP,V-SG1,"Re-establish deep pools in areas that have been affected by sand slugs, maintain existing pools in other areas and replenish benches within the channel.",Ecosystem Functions,Vic,Loddon
Loddon River: Upper Loddon River System at Reach 3b,Loddon River EWMP,V-SG2,"Flush accumulated silt and sediment from substrates including rocks, submerged wood and macrophytes",Ecosystem Functions,Vic,Loddon
Loddon River: Mid Loddon River System at Reach 4a,Loddon River EWMP,V-PF1,"To increase the population size, with an appropriate age structure, of native fish species in the impounded Loddon River System reaches",Native Fish,Vic,Loddon
Loddon River: Mid Loddon River System at Reach 4a,Loddon River EWMP,V-PF1.1,Increase population size (with appropriate age structure) and distribution of River Blackfish and facilitate re-colonisation of Reach 1 via Laanecoorie Reservoir.,Native Fish,Vic,Loddon
Loddon River: Mid Loddon River System at Reach 4a,Loddon River EWMP,V-PF1.2,"Enhance natural recruitment and dispersal of stocked Murray Cod populations in disconnected impoundments e.g. Laanecoorie Reservoir, Serpentine Weir pool, Loddon Weir pool, and large pools between Laanecoorie Reservoir and Serpentine Creek (Durham Ox weir pool).",Native Fish,Vic,Loddon
Loddon River: Mid Loddon River System at Reach 4a,Loddon River EWMP,V-PF1.3,"Maintain habitat for stocked populations of Golden Perch in disconnected reaches e.g. Laanecoorie Reservoir, Serpentine Weir pool, Loddon Weir pool, and large pools between Laanecoorie Reservoir and Serpentine Creek",Native Fish,Vic,Loddon
Loddon River: Mid Loddon River System at Reach 4a,Loddon River EWMP,V-PF1.4,"Increase population size (with appropriate age structure) of small-bodied native fish species including Murray-Darling Rainbowfish, Flathead Gudgeon, Carp Gudgeon, and Australian Smelt.",Native Fish,Vic,Loddon
Loddon River: Mid Loddon River System at Reach 4a,Loddon River EWMP,V-PF2,"To increase the population size, with an appropriate age structure, and the diversity of native fish species, in the connected mid and lower Loddon River System",Native Fish,Vic,Loddon
Loddon River: Mid Loddon River System at Reach 4a,Loddon River EWMP,V-PF2.1,"Increase population size and diversity (with appropriate age structure) of small-bodied native fish species including Murray-Darling Rainbowfish, Flathead Gudgeon, Carp Gudgeon, and Australian Smelt.",Native Fish,Vic,Loddon
Loddon River: Mid Loddon River System at Reach 4a,Loddon River EWMP,V-PF2.2,Enhance natural recruitment of Murray Cod population and allow fish to disperse and colonise suitable habitats in the Mid-Murray floodplain system.,Native Fish,Vic,Loddon
Loddon River: Mid Loddon River System at Reach 4a,Loddon River EWMP,V-PF2.3,Extend available critical habitat to facilitate recolonisation of large bodied fish such as Silver Perch and Golden Perch populations in the Mid-Murray floodplain system,Native Fish,Vic,Loddon
Loddon River: Mid Loddon River System at Reach 4a,Loddon River EWMP,V-PP1 ,Increase size of resident breeding Platypus populations and facilitate dispersal of surplus juveniles that can colonise other reaches of the Loddon River and connected catchments.,Other Species,Vic,Loddon
Loddon River: Mid Loddon River System at Reach 4a,Loddon River EWMP,V-PV1,"Maintain adult riparian woody vegetation (e.g. River Red Gum, Black Box, Bottlebrush, Tea Tree, Melaleuca and Tangled Lignum – species composition will vary between reaches) and facilitate recruitment adjacent to the river channel and in low lying floodplain areas that are watered via floodrunners",Native Vegetation,Vic,Loddon
Loddon River: Mid Loddon River System at Reach 4a,Loddon River EWMP,V-PV2,"Maintain low lying floodplain vegetation communities. These communities are characterised by a River Red Gum overstorey and grassy, sedge or lignum understorey.",Native Vegetation,Vic,Loddon
Loddon River: Mid Loddon River System at Reach 4a,Loddon River EWMP,V-SV1,Maintain and increase spatial extent of in-stream vegetation,Native Vegetation,Vic,Loddon
Loddon River: Mid Loddon River System at Reach 4a,Loddon River EWMP,V-SV2,Increase diversity and appropriate spatial extent of native emergent fringing nonwoody vegetation along the banks and in floodrunners or anabranches.,Native Vegetation,Vic,Loddon
Loddon River: Mid Loddon River System at Reach 4a,Loddon River EWMP,V-SV3,"Maintain biofilm productivity, especially on coarse woody debris.",Native Vegetation,Vic,Loddon
Loddon River: Mid Loddon River System at Reach 4a,Loddon River EWMP,V-SB1,"Maintain/Increase aquatic biota such as Freshwater turtles, native frogs and water rats",Other Species,Vic,Loddon
Loddon River: Mid Loddon River System at Reach 4a,Loddon River EWMP,V-SM1,Maintain/increase diversity and productivity of macroinvertebrates and macroinvertebrate functional feeding groups to drive productive and dynamic foodwebs.,Ecosystem Functions,Vic,Loddon
Loddon River: Mid Loddon River System at Reach 4a,Loddon River EWMP,V-SWQ1,"Maintain water quality at a level that is able to support fish and macroinvertebrates. In particular maintain adequate concentrations of dissolved oxygen, prevent salinity levels rising above 3,000 EC and prevent excessive water temperatures during low flow periods.",Ecosystem Functions,Vic,Loddon
Loddon River: Mid Loddon River System at Reach 4a,Loddon River EWMP,V-SG1,"Re-establish deep pools in areas that have been affected by sand slugs, maintain existing pools in other areas and replenish benches within the channel.",Ecosystem Functions,Vic,Loddon
Loddon River: Mid Loddon River System at Reach 4a,Loddon River EWMP,V-SG2,"Flush accumulated silt and sediment from substrates including rocks, submerged wood and macrophytes",Ecosystem Functions,Vic,Loddon
Twelve Mile Creek Anabranch [Mid Loddon River System] at Reach 4b,Loddon River EWMP,V-PF1,"To increase the population size, with an appropriate age structure, of native fish species in the impounded Loddon River System reaches",Native Fish,Vic,Loddon
Twelve Mile Creek Anabranch [Mid Loddon River System] at Reach 4b,Loddon River EWMP,V-PF1.1,Increase population size (with appropriate age structure) and distribution of River Blackfish and facilitate re-colonisation of Reach 1 via Laanecoorie Reservoir.,Native Fish,Vic,Loddon
Twelve Mile Creek Anabranch [Mid Loddon River System] at Reach 4b,Loddon River EWMP,V-PF1.2,"Enhance natural recruitment and dispersal of stocked Murray Cod populations in disconnected impoundments e.g. Laanecoorie Reservoir, Serpentine Weir pool, Loddon Weir pool, and large pools between Laanecoorie Reservoir and Serpentine Creek (Durham Ox weir pool).",Native Fish,Vic,Loddon
Twelve Mile Creek Anabranch [Mid Loddon River System] at Reach 4b,Loddon River EWMP,V-PF1.3,"Maintain habitat for stocked populations of Golden Perch in disconnected reaches e.g. Laanecoorie Reservoir, Serpentine Weir pool, Loddon Weir pool, and large pools between Laanecoorie Reservoir and Serpentine Creek",Native Fish,Vic,Loddon
Twelve Mile Creek Anabranch [Mid Loddon River System] at Reach 4b,Loddon River EWMP,V-PF1.4,"Increase population size (with appropriate age structure) of small-bodied native fish species including Murray-Darling Rainbowfish, Flathead Gudgeon, Carp Gudgeon, and Australian Smelt.",Native Fish,Vic,Loddon
Twelve Mile Creek Anabranch [Mid Loddon River System] at Reach 4b,Loddon River EWMP,V-PF2,"To increase the population size, with an appropriate age structure, and the diversity of native fish species, in the connected mid and lower Loddon River System",Native Fish,Vic,Loddon
Twelve Mile Creek Anabranch [Mid Loddon River System] at Reach 4b,Loddon River EWMP,V-PF2.1,"Increase population size and diversity (with appropriate age structure) of small-bodied native fish species including Murray-Darling Rainbowfish, Flathead Gudgeon, Carp Gudgeon, and Australian Smelt.",Native Fish,Vic,Loddon
Twelve Mile Creek Anabranch [Mid Loddon River System] at Reach 4b,Loddon River EWMP,V-PF2.2,Enhance natural recruitment of Murray Cod population and allow fish to disperse and colonise suitable habitats in the Mid-Murray floodplain system.,Native Fish,Vic,Loddon
Twelve Mile Creek Anabranch [Mid Loddon River System] at Reach 4b,Loddon River EWMP,V-PF2.3,Extend available critical habitat to facilitate recolonisation of large bodied fish such as Silver Perch and Golden Perch populations in the Mid-Murray floodplain system,Native Fish,Vic,Loddon
Twelve Mile Creek Anabranch [Mid Loddon River System] at Reach 4b,Loddon River EWMP,V-PP1 ,Increase size of resident breeding Platypus populations and facilitate dispersal of surplus juveniles that can colonise other reaches of the Loddon River and connected catchments.,Other Species,Vic,Loddon
Twelve Mile Creek Anabranch [Mid Loddon River System] at Reach 4b,Loddon River EWMP,V-PV1,"Maintain adult riparian woody vegetation (e.g. River Red Gum, Black Box, Bottlebrush, Tea Tree, Melaleuca and Tangled Lignum – species composition will vary between reaches) and facilitate recruitment adjacent to the river channel and in low lying floodplain areas that are watered via floodrunners",Native Vegetation,Vic,Loddon
Twelve Mile Creek Anabranch [Mid Loddon River System] at Reach 4b,Loddon River EWMP,V-PV2,"Maintain low lying floodplain vegetation communities. These communities are characterised by a River Red Gum overstorey and grassy, sedge or lignum understorey.",Native Vegetation,Vic,Loddon
Twelve Mile Creek Anabranch [Mid Loddon River System] at Reach 4b,Loddon River EWMP,V-SV1,Maintain and increase spatial extent of in-stream vegetation,Native Vegetation,Vic,Loddon
Twelve Mile Creek Anabranch [Mid Loddon River System] at Reach 4b,Loddon River EWMP,V-SV2,Increase diversity and appropriate spatial extent of native emergent fringing nonwoody vegetation along the banks and in floodrunners or anabranches.,Native Vegetation,Vic,Loddon
Twelve Mile Creek Anabranch [Mid Loddon River System] at Reach 4b,Loddon River EWMP,V-SV3,"Maintain biofilm productivity, especially on coarse woody debris.",Native Vegetation,Vic,Loddon
Twelve Mile Creek Anabranch [Mid Loddon River System] at Reach 4b,Loddon River EWMP,V-SB1,"Maintain/Increase aquatic biota such as Freshwater turtles, native frogs and water rats",Other Species,Vic,Loddon
Twelve Mile Creek Anabranch [Mid Loddon River System] at Reach 4b,Loddon River EWMP,V-SM1,Maintain/increase diversity and productivity of macroinvertebrates and macroinvertebrate functional feeding groups to drive productive and dynamic foodwebs.,Ecosystem Functions,Vic,Loddon
Twelve Mile Creek Anabranch [Mid Loddon River System] at Reach 4b,Loddon River EWMP,V-SWQ1,"Maintain water quality at a level that is able to support fish and macroinvertebrates. In particular maintain adequate concentrations of dissolved oxygen, prevent salinity levels rising above 3,000 EC and prevent excessive water temperatures during low flow periods.",Ecosystem Functions,Vic,Loddon
Twelve Mile Creek Anabranch [Mid Loddon River System] at Reach 4b,Loddon River EWMP,V-SG1,"Re-establish deep pools in areas that have been affected by sand slugs, maintain existing pools in other areas and replenish benches within the channel.",Ecosystem Functions,Vic,Loddon
Twelve Mile Creek Anabranch [Mid Loddon River System] at Reach 4b,Loddon River EWMP,V-SG2,"Flush accumulated silt and sediment from substrates including rocks, submerged wood and macrophytes",Ecosystem Functions,Vic,Loddon
Loddon River: Mid Loddon River System at Reach 4c,Loddon River EWMP,V-PF1,"To increase the population size, with an appropriate age structure, of native fish species in the impounded Loddon River System reaches",Native Fish,Vic,Loddon
Loddon River: Mid Loddon River System at Reach 4c,Loddon River EWMP,V-PF1.1,Increase population size (with appropriate age structure) and distribution of River Blackfish and facilitate re-colonisation of Reach 1 via Laanecoorie Reservoir.,Native Fish,Vic,Loddon
Loddon River: Mid Loddon River System at Reach 4c,Loddon River EWMP,V-PF1.2,"Enhance natural recruitment and dispersal of stocked Murray Cod populations in disconnected impoundments e.g. Laanecoorie Reservoir, Serpentine Weir pool, Loddon Weir pool, and large pools between Laanecoorie Reservoir and Serpentine Creek (Durham Ox weir pool).",Native Fish,Vic,Loddon
Loddon River: Mid Loddon River System at Reach 4c,Loddon River EWMP,V-PF1.3,"Maintain habitat for stocked populations of Golden Perch in disconnected reaches e.g. Laanecoorie Reservoir, Serpentine Weir pool, Loddon Weir pool, and large pools between Laanecoorie Reservoir and Serpentine Creek",Native Fish,Vic,Loddon
Loddon River: Mid Loddon River System at Reach 4c,Loddon River EWMP,V-PF1.4,"Increase population size (with appropriate age structure) of small-bodied native fish species including Murray-Darling Rainbowfish, Flathead Gudgeon, Carp Gudgeon, and Australian Smelt.",Native Fish,Vic,Loddon
Loddon River: Mid Loddon River System at Reach 4c,Loddon River EWMP,V-PF2,"To increase the population size, with an appropriate age structure, and the diversity of native fish species, in the connected mid and lower Loddon River System",Native Fish,Vic,Loddon
Loddon River: Mid Loddon River System at Reach 4c,Loddon River EWMP,V-PF2.1,"Increase population size and diversity (with appropriate age structure) of small-bodied native fish species including Murray-Darling Rainbowfish, Flathead Gudgeon, Carp Gudgeon, and Australian Smelt.",Native Fish,Vic,Loddon
Loddon River: Mid Loddon River System at Reach 4c,Loddon River EWMP,V-PF2.2,Enhance natural recruitment of Murray Cod population and allow fish to disperse and colonise suitable habitats in the Mid-Murray floodplain system.,Native Fish,Vic,Loddon
Loddon River: Mid Loddon River System at Reach 4c,Loddon River EWMP,V-PF2.3,Extend available critical habitat to facilitate recolonisation of large bodied fish such as Silver Perch and Golden Perch populations in the Mid-Murray floodplain system,Native Fish,Vic,Loddon
Loddon River: Mid Loddon River System at Reach 4c,Loddon River EWMP,V-PP1 ,Increase size of resident breeding Platypus populations and facilitate dispersal of surplus juveniles that can colonise other reaches of the Loddon River and connected catchments.,Other Species,Vic,Loddon
Loddon River: Mid Loddon River System at Reach 4c,Loddon River EWMP,V-PV1,"Maintain adult riparian woody vegetation (e.g. River Red Gum, Black Box, Bottlebrush, Tea Tree, Melaleuca and Tangled Lignum – species composition will vary between reaches) and facilitate recruitment adjacent to the river channel and in low lying floodplain areas that are watered via floodrunners",Native Vegetation,Vic,Loddon
Loddon River: Mid Loddon River System at Reach 4c,Loddon River EWMP,V-PV2,"Maintain low lying floodplain vegetation communities. These communities are characterised by a River Red Gum overstorey and grassy, sedge or lignum understorey.",Native Vegetation,Vic,Loddon
Loddon River: Mid Loddon River System at Reach 4c,Loddon River EWMP,V-SV1,Maintain and increase spatial extent of in-stream vegetation,Native Vegetation,Vic,Loddon
Loddon River: Mid Loddon River System at Reach 4c,Loddon River EWMP,V-SV2,Increase diversity and appropriate spatial extent of native emergent fringing nonwoody vegetation along the banks and in floodrunners or anabranches.,Native Vegetation,Vic,Loddon
Loddon River: Mid Loddon River System at Reach 4c,Loddon River EWMP,V-SV3,"Maintain biofilm productivity, especially on coarse woody debris.",Native Vegetation,Vic,Loddon
Loddon River: Mid Loddon River System at Reach 4c,Loddon River EWMP,V-SB1,"Maintain/Increase aquatic biota such as Freshwater turtles, native frogs and water rats",Other Species,Vic,Loddon
Loddon River: Mid Loddon River System at Reach 4c,Loddon River EWMP,V-SM1,Maintain/increase diversity and productivity of macroinvertebrates and macroinvertebrate functional feeding groups to drive productive and dynamic foodwebs.,Ecosystem Functions,Vic,Loddon
Loddon River: Mid Loddon River System at Reach 4c,Loddon River EWMP,V-SWQ1,"Maintain water quality at a level that is able to support fish and macroinvertebrates. In particular maintain adequate concentrations of dissolved oxygen, prevent salinity levels rising above 3,000 EC and prevent excessive water temperatures during low flow periods.",Ecosystem Functions,Vic,Loddon
Loddon River: Mid Loddon River System at Reach 4c,Loddon River EWMP,V-SG1,"Re-establish deep pools in areas that have been affected by sand slugs, maintain existing pools in other areas and replenish benches within the channel.",Ecosystem Functions,Vic,Loddon
Loddon River: Mid Loddon River System at Reach 4c,Loddon River EWMP,V-SG2,"Flush accumulated silt and sediment from substrates including rocks, submerged wood and macrophytes",Ecosystem Functions,Vic,Loddon
Loddon River: Mid Loddon River System at Reach 4d,Loddon River EWMP,V-PF1,"To increase the population size, with an appropriate age structure, of native fish species in the impounded Loddon River System reaches",Native Fish,Vic,Loddon
Loddon River: Mid Loddon River System at Reach 4d,Loddon River EWMP,V-PF1.1,Increase population size (with appropriate age structure) and distribution of River Blackfish and facilitate re-colonisation of Reach 1 via Laanecoorie Reservoir.,Native Fish,Vic,Loddon
Loddon River: Mid Loddon River System at Reach 4d,Loddon River EWMP,V-PF1.2,"Enhance natural recruitment and dispersal of stocked Murray Cod populations in disconnected impoundments e.g. Laanecoorie Reservoir, Serpentine Weir pool, Loddon Weir pool, and large pools between Laanecoorie Reservoir and Serpentine Creek (Durham Ox weir pool).",Native Fish,Vic,Loddon
Loddon River: Mid Loddon River System at Reach 4d,Loddon River EWMP,V-PF1.3,"Maintain habitat for stocked populations of Golden Perch in disconnected reaches e.g. Laanecoorie Reservoir, Serpentine Weir pool, Loddon Weir pool, and large pools between Laanecoorie Reservoir and Serpentine Creek",Native Fish,Vic,Loddon
Loddon River: Mid Loddon River System at Reach 4d,Loddon River EWMP,V-PF1.4,"Increase population size (with appropriate age structure) of small-bodied native fish species including Murray-Darling Rainbowfish, Flathead Gudgeon, Carp Gudgeon, and Australian Smelt.",Native Fish,Vic,Loddon
Loddon River: Mid Loddon River System at Reach 4d,Loddon River EWMP,V-PF2,"To increase the population size, with an appropriate age structure, and the diversity of native fish species, in the connected mid and lower Loddon River System",Native Fish,Vic,Loddon
Loddon River: Mid Loddon River System at Reach 4d,Loddon River EWMP,V-PF2.1,"Increase population size and diversity (with appropriate age structure) of small-bodied native fish species including Murray-Darling Rainbowfish, Flathead Gudgeon, Carp Gudgeon, and Australian Smelt.",Native Fish,Vic,Loddon
Loddon River: Mid Loddon River System at Reach 4d,Loddon River EWMP,V-PF2.2,Enhance natural recruitment of Murray Cod population and allow fish to disperse and colonise suitable habitats in the Mid-Murray floodplain system.,Native Fish,Vic,Loddon
Loddon River: Mid Loddon River System at Reach 4d,Loddon River EWMP,V-PF2.3,Extend available critical habitat to facilitate recolonisation of large bodied fish such as Silver Perch and Golden Perch populations in the Mid-Murray floodplain system,Native Fish,Vic,Loddon
Loddon River: Mid Loddon River System at Reach 4d,Loddon River EWMP,V-PP1 ,Increase size of resident breeding Platypus populations and facilitate dispersal of surplus juveniles that can colonise other reaches of the Loddon River and connected catchments.,Other Species,Vic,Loddon
Loddon River: Mid Loddon River System at Reach 4d,Loddon River EWMP,V-PV1,"Maintain adult riparian woody vegetation (e.g. River Red Gum, Black Box, Bottlebrush, Tea Tree, Melaleuca and Tangled Lignum – species composition will vary between reaches) and facilitate recruitment adjacent to the river channel and in low lying floodplain areas that are watered via floodrunners",Native Vegetation,Vic,Loddon
Loddon River: Mid Loddon River System at Reach 4d,Loddon River EWMP,V-PV2,"Maintain low lying floodplain vegetation communities. These communities are characterised by a River Red Gum overstorey and grassy, sedge or lignum understorey.",Native Vegetation,Vic,Loddon
Loddon River: Mid Loddon River System at Reach 4d,Loddon River EWMP,V-SV1,Maintain and increase spatial extent of in-stream vegetation,Native Vegetation,Vic,Loddon
Loddon River: Mid Loddon River System at Reach 4d,Loddon River EWMP,V-SV2,Increase diversity and appropriate spatial extent of native emergent fringing nonwoody vegetation along the banks and in floodrunners or anabranches.,Native Vegetation,Vic,Loddon
Loddon River: Mid Loddon River System at Reach 4d,Loddon River EWMP,V-SV3,"Maintain biofilm productivity, especially on coarse woody debris.",Native Vegetation,Vic,Loddon
Loddon River: Mid Loddon River System at Reach 4d,Loddon River EWMP,V-SB1,"Maintain/Increase aquatic biota such as Freshwater turtles, native frogs and water rats",Other Species,Vic,Loddon
Loddon River: Mid Loddon River System at Reach 4d,Loddon River EWMP,V-SM1,Maintain/increase diversity and productivity of macroinvertebrates and macroinvertebrate functional feeding groups to drive productive and dynamic foodwebs.,Ecosystem Functions,Vic,Loddon
Loddon River: Mid Loddon River System at Reach 4d,Loddon River EWMP,V-SWQ1,"Maintain water quality at a level that is able to support fish and macroinvertebrates. In particular maintain adequate concentrations of dissolved oxygen, prevent salinity levels rising above 3,000 EC and prevent excessive water temperatures during low flow periods.",Ecosystem Functions,Vic,Loddon
Loddon River: Mid Loddon River System at Reach 4d,Loddon River EWMP,V-SG1,"Re-establish deep pools in areas that have been affected by sand slugs, maintain existing pools in other areas and replenish benches within the channel.",Ecosystem Functions,Vic,Loddon
Loddon River: Mid Loddon River System at Reach 4d,Loddon River EWMP,V-SG2,"Flush accumulated silt and sediment from substrates including rocks, submerged wood and macrophytes",Ecosystem Functions,Vic,Loddon
Serpentine Creek [Mid Loddon River System] at Reach S1,Loddon River EWMP,V-PF1,"To increase the population size, with an appropriate age structure, of native fish species in the impounded Loddon River System reaches",Native Fish,Vic,Loddon
Serpentine Creek [Mid Loddon River System] at Reach S1,Loddon River EWMP,V-PF1.1,Increase population size (with appropriate age structure) and distribution of River Blackfish and facilitate re-colonisation of Reach 1 via Laanecoorie Reservoir.,Native Fish,Vic,Loddon
Serpentine Creek [Mid Loddon River System] at Reach S1,Loddon River EWMP,V-PF1.2,"Enhance natural recruitment and dispersal of stocked Murray Cod populations in disconnected impoundments e.g. Laanecoorie Reservoir, Serpentine Weir pool, Loddon Weir pool, and large pools between Laanecoorie Reservoir and Serpentine Creek (Durham Ox weir pool).",Native Fish,Vic,Loddon
Serpentine Creek [Mid Loddon River System] at Reach S1,Loddon River EWMP,V-PF1.3,"Maintain habitat for stocked populations of Golden Perch in disconnected reaches e.g. Laanecoorie Reservoir, Serpentine Weir pool, Loddon Weir pool, and large pools between Laanecoorie Reservoir and Serpentine Creek",Native Fish,Vic,Loddon
Serpentine Creek [Mid Loddon River System] at Reach S1,Loddon River EWMP,V-PF1.4,"Increase population size (with appropriate age structure) of small-bodied native fish species including Murray-Darling Rainbowfish, Flathead Gudgeon, Carp Gudgeon, and Australian Smelt.",Native Fish,Vic,Loddon
Serpentine Creek [Mid Loddon River System] at Reach S1,Loddon River EWMP,V-PF2,"To increase the population size, with an appropriate age structure, and the diversity of native fish species, in the connected mid and lower Loddon River System",Native Fish,Vic,Loddon
Serpentine Creek [Mid Loddon River System] at Reach S1,Loddon River EWMP,V-PF2.1,"Increase population size and diversity (with appropriate age structure) of small-bodied native fish species including Murray-Darling Rainbowfish, Flathead Gudgeon, Carp Gudgeon, and Australian Smelt.",Native Fish,Vic,Loddon
Serpentine Creek [Mid Loddon River System] at Reach S1,Loddon River EWMP,V-PF2.2,Enhance natural recruitment of Murray Cod population and allow fish to disperse and colonise suitable habitats in the Mid-Murray floodplain system.,Native Fish,Vic,Loddon
Serpentine Creek [Mid Loddon River System] at Reach S1,Loddon River EWMP,V-PF2.3,Extend available critical habitat to facilitate recolonisation of large bodied fish such as Silver Perch and Golden Perch populations in the Mid-Murray floodplain system,Native Fish,Vic,Loddon
Serpentine Creek [Mid Loddon River System] at Reach S1,Loddon River EWMP,V-PP1 ,Increase size of resident breeding Platypus populations and facilitate dispersal of surplus juveniles that can colonise other reaches of the Loddon River and connected catchments.,Other Species,Vic,Loddon
Serpentine Creek [Mid Loddon River System] at Reach S1,Loddon River EWMP,V-PV1,"Maintain adult riparian woody vegetation (e.g. River Red Gum, Black Box, Bottlebrush, Tea Tree, Melaleuca and Tangled Lignum – species composition will vary between reaches) and facilitate recruitment adjacent to the river channel and in low lying floodplain areas that are watered via floodrunners",Native Vegetation,Vic,Loddon
Serpentine Creek [Mid Loddon River System] at Reach S1,Loddon River EWMP,V-PV2,"Maintain low lying floodplain vegetation communities. These communities are characterised by a River Red Gum overstorey and grassy, sedge or lignum understorey.",Native Vegetation,Vic,Loddon
Serpentine Creek [Mid Loddon River System] at Reach S1,Loddon River EWMP,V-SV1,Maintain and increase spatial extent of in-stream vegetation,Native Vegetation,Vic,Loddon
Serpentine Creek [Mid Loddon River System] at Reach S1,Loddon River EWMP,V-SV2,Increase diversity and appropriate spatial extent of native emergent fringing nonwoody vegetation along the banks and in floodrunners or anabranches.,Native Vegetation,Vic,Loddon
Serpentine Creek [Mid Loddon River System] at Reach S1,Loddon River EWMP,V-SV3,"Maintain biofilm productivity, especially on coarse woody debris.",Native Vegetation,Vic,Loddon
Serpentine Creek [Mid Loddon River System] at Reach S1,Loddon River EWMP,V-SB1,"Maintain/Increase aquatic biota such as Freshwater turtles, native frogs and water rats",Other Species,Vic,Loddon
Serpentine Creek [Mid Loddon River System] at Reach S1,Loddon River EWMP,V-SM1,Maintain/increase diversity and productivity of macroinvertebrates and macroinvertebrate functional feeding groups to drive productive and dynamic foodwebs.,Ecosystem Functions,Vic,Loddon
Serpentine Creek [Mid Loddon River System] at Reach S1,Loddon River EWMP,V-SWQ1,"Maintain water quality at a level that is able to support fish and macroinvertebrates. In particular maintain adequate concentrations of dissolved oxygen, prevent salinity levels rising above 3,000 EC and prevent excessive water temperatures during low flow periods.",Ecosystem Functions,Vic,Loddon
Serpentine Creek [Mid Loddon River System] at Reach S1,Loddon River EWMP,V-SG1,"Re-establish deep pools in areas that have been affected by sand slugs, maintain existing pools in other areas and replenish benches within the channel.",Ecosystem Functions,Vic,Loddon
Serpentine Creek [Mid Loddon River System] at Reach S1,Loddon River EWMP,V-SG2,"Flush accumulated silt and sediment from substrates including rocks, submerged wood and macrophytes",Ecosystem Functions,Vic,Loddon
Serpentine Creek [Mid Loddon River System] at Reach S3,Loddon River EWMP,V-PF1,"To increase the population size, with an appropriate age structure, of native fish species in the impounded Loddon River System reaches",Native Fish,Vic,Loddon
Serpentine Creek [Mid Loddon River System] at Reach S3,Loddon River EWMP,V-PF1.1,Increase population size (with appropriate age structure) and distribution of River Blackfish and facilitate re-colonisation of Reach 1 via Laanecoorie Reservoir.,Native Fish,Vic,Loddon
Serpentine Creek [Mid Loddon River System] at Reach S3,Loddon River EWMP,V-PF1.2,"Enhance natural recruitment and dispersal of stocked Murray Cod populations in disconnected impoundments e.g. Laanecoorie Reservoir, Serpentine Weir pool, Loddon Weir pool, and large pools between Laanecoorie Reservoir and Serpentine Creek (Durham Ox weir pool).",Native Fish,Vic,Loddon
Serpentine Creek [Mid Loddon River System] at Reach S3,Loddon River EWMP,V-PF1.3,"Maintain habitat for stocked populations of Golden Perch in disconnected reaches e.g. Laanecoorie Reservoir, Serpentine Weir pool, Loddon Weir pool, and large pools between Laanecoorie Reservoir and Serpentine Creek",Native Fish,Vic,Loddon
Serpentine Creek [Mid Loddon River System] at Reach S3,Loddon River EWMP,V-PF1.4,"Increase population size (with appropriate age structure) of small-bodied native fish species including Murray-Darling Rainbowfish, Flathead Gudgeon, Carp Gudgeon, and Australian Smelt.",Native Fish,Vic,Loddon
Serpentine Creek [Mid Loddon River System] at Reach S3,Loddon River EWMP,V-PF2,"To increase the population size, with an appropriate age structure, and the diversity of native fish species, in the connected mid and lower Loddon River System",Native Fish,Vic,Loddon
Serpentine Creek [Mid Loddon River System] at Reach S3,Loddon River EWMP,V-PF2.1,"Increase population size and diversity (with appropriate age structure) of small-bodied native fish species including Murray-Darling Rainbowfish, Flathead Gudgeon, Carp Gudgeon, and Australian Smelt.",Native Fish,Vic,Loddon
Serpentine Creek [Mid Loddon River System] at Reach S3,Loddon River EWMP,V-PF2.2,Enhance natural recruitment of Murray Cod population and allow fish to disperse and colonise suitable habitats in the Mid-Murray floodplain system.,Native Fish,Vic,Loddon
Serpentine Creek [Mid Loddon River System] at Reach S3,Loddon River EWMP,V-PF2.3,Extend available critical habitat to facilitate recolonisation of large bodied fish such as Silver Perch and Golden Perch populations in the Mid-Murray floodplain system,Native Fish,Vic,Loddon
Serpentine Creek [Mid Loddon River System] at Reach S3,Loddon River EWMP,V-PP1 ,Increase size of resident breeding Platypus populations and facilitate dispersal of surplus juveniles that can colonise other reaches of the Loddon River and connected catchments.,Other Species,Vic,Loddon
Serpentine Creek [Mid Loddon River System] at Reach S3,Loddon River EWMP,V-PV1,"Maintain adult riparian woody vegetation (e.g. River Red Gum, Black Box, Bottlebrush, Tea Tree, Melaleuca and Tangled Lignum – species composition will vary between reaches) and facilitate recruitment adjacent to the river channel and in low lying floodplain areas that are watered via floodrunners",Native Vegetation,Vic,Loddon
Serpentine Creek [Mid Loddon River System] at Reach S3,Loddon River EWMP,V-PV2,"Maintain low lying floodplain vegetation communities. These communities are characterised by a River Red Gum overstorey and grassy, sedge or lignum understorey.",Native Vegetation,Vic,Loddon
Serpentine Creek [Mid Loddon River System] at Reach S3,Loddon River EWMP,V-SV1,Maintain and increase spatial extent of in-stream vegetation,Native Vegetation,Vic,Loddon
Serpentine Creek [Mid Loddon River System] at Reach S3,Loddon River EWMP,V-SV2,Increase diversity and appropriate spatial extent of native emergent fringing nonwoody vegetation along the banks and in floodrunners or anabranches.,Native Vegetation,Vic,Loddon
Serpentine Creek [Mid Loddon River System] at Reach S3,Loddon River EWMP,V-SV3,"Maintain biofilm productivity, especially on coarse woody debris.",Native Vegetation,Vic,Loddon
Serpentine Creek [Mid Loddon River System] at Reach S3,Loddon River EWMP,V-SB1,"Maintain/Increase aquatic biota such as Freshwater turtles, native frogs and water rats",Other Species,Vic,Loddon
Serpentine Creek [Mid Loddon River System] at Reach S3,Loddon River EWMP,V-SM1,Maintain/increase diversity and productivity of macroinvertebrates and macroinvertebrate functional feeding groups to drive productive and dynamic foodwebs.,Ecosystem Functions,Vic,Loddon
Serpentine Creek [Mid Loddon River System] at Reach S3,Loddon River EWMP,V-SWQ1,"Maintain water quality at a level that is able to support fish and macroinvertebrates. In particular maintain adequate concentrations of dissolved oxygen, prevent salinity levels rising above 3,000 EC and prevent excessive water temperatures during low flow periods.",Ecosystem Functions,Vic,Loddon
Serpentine Creek [Mid Loddon River System] at Reach S3,Loddon River EWMP,V-SG1,"Re-establish deep pools in areas that have been affected by sand slugs, maintain existing pools in other areas and replenish benches within the channel.",Ecosystem Functions,Vic,Loddon
Serpentine Creek [Mid Loddon River System] at Reach S3,Loddon River EWMP,V-SG2,"Flush accumulated silt and sediment from substrates including rocks, submerged wood and macrophytes",Ecosystem Functions,Vic,Loddon
Loddon River: Lower Loddon River at Reach 5,Loddon River EWMP,V-PF1,"To increase the population size, with an appropriate age structure, of native fish species in the impounded Loddon River System reaches",Native Fish,Vic,Loddon
Loddon River: Lower Loddon River at Reach 5,Loddon River EWMP,V-PF1.1,Increase population size (with appropriate age structure) and distribution of River Blackfish and facilitate re-colonisation of Reach 1 via Laanecoorie Reservoir.,Native Fish,Vic,Loddon
Loddon River: Lower Loddon River at Reach 5,Loddon River EWMP,V-PF1.2,"Enhance natural recruitment and dispersal of stocked Murray Cod populations in disconnected impoundments e.g. Laanecoorie Reservoir, Serpentine Weir pool, Loddon Weir pool, and large pools between Laanecoorie Reservoir and Serpentine Creek (Durham Ox weir pool).",Native Fish,Vic,Loddon
Loddon River: Lower Loddon River at Reach 5,Loddon River EWMP,V-PF1.3,"Maintain habitat for stocked populations of Golden Perch in disconnected reaches e.g. Laanecoorie Reservoir, Serpentine Weir pool, Loddon Weir pool, and large pools between Laanecoorie Reservoir and Serpentine Creek",Native Fish,Vic,Loddon
Loddon River: Lower Loddon River at Reach 5,Loddon River EWMP,V-PF1.4,"Increase population size (with appropriate age structure) of small-bodied native fish species including Murray-Darling Rainbowfish, Flathead Gudgeon, Carp Gudgeon, and Australian Smelt.",Native Fish,Vic,Loddon
Loddon River: Lower Loddon River at Reach 5,Loddon River EWMP,V-PF2,"To increase the population size, with an appropriate age structure, and the diversity of native fish species, in the connected mid and lower Loddon River System",Native Fish,Vic,Loddon
Loddon River: Lower Loddon River at Reach 5,Loddon River EWMP,V-PF2.1,"Increase population size and diversity (with appropriate age structure) of small-bodied native fish species including Murray-Darling Rainbowfish, Flathead Gudgeon, Carp Gudgeon, and Australian Smelt.",Native Fish,Vic,Loddon
Loddon River: Lower Loddon River at Reach 5,Loddon River EWMP,V-PF2.2,Enhance natural recruitment of Murray Cod population and allow fish to disperse and colonise suitable habitats in the Mid-Murray floodplain system.,Native Fish,Vic,Loddon
Loddon River: Lower Loddon River at Reach 5,Loddon River EWMP,V-PF2.3,Extend available critical habitat to facilitate recolonisation of large bodied fish such as Silver Perch and Golden Perch populations in the Mid-Murray floodplain system,Native Fish,Vic,Loddon
Loddon River: Lower Loddon River at Reach 5,Loddon River EWMP,V-PP1 ,Increase size of resident breeding Platypus populations and facilitate dispersal of surplus juveniles that can colonise other reaches of the Loddon River and connected catchments.,Other Species,Vic,Loddon
Loddon River: Lower Loddon River at Reach 5,Loddon River EWMP,V-PV1,"Maintain adult riparian woody vegetation (e.g. River Red Gum, Black Box, Bottlebrush, Tea Tree, Melaleuca and Tangled Lignum – species composition will vary between reaches) and facilitate recruitment adjacent to the river channel and in low lying floodplain areas that are watered via floodrunners",Native Vegetation,Vic,Loddon
Loddon River: Lower Loddon River at Reach 5,Loddon River EWMP,V-PV2,"Maintain low lying floodplain vegetation communities. These communities are characterised by a River Red Gum overstorey and grassy, sedge or lignum understorey.",Native Vegetation,Vic,Loddon
Loddon River: Lower Loddon River at Reach 5,Loddon River EWMP,V-SV1,Maintain and increase spatial extent of in-stream vegetation,Native Vegetation,Vic,Loddon
Loddon River: Lower Loddon River at Reach 5,Loddon River EWMP,V-SV2,Increase diversity and appropriate spatial extent of native emergent fringing nonwoody vegetation along the banks and in floodrunners or anabranches.,Native Vegetation,Vic,Loddon
Loddon River: Lower Loddon River at Reach 5,Loddon River EWMP,V-SV3,"Maintain biofilm productivity, especially on coarse woody debris.",Native Vegetation,Vic,Loddon
Loddon River: Lower Loddon River at Reach 5,Loddon River EWMP,V-SB1,"Maintain/Increase aquatic biota such as Freshwater turtles, native frogs and water rats",Other Species,Vic,Loddon
Loddon River: Lower Loddon River at Reach 5,Loddon River EWMP,V-SM1,Maintain/increase diversity and productivity of macroinvertebrates and macroinvertebrate functional feeding groups to drive productive and dynamic foodwebs.,Ecosystem Functions,Vic,Loddon
Loddon River: Lower Loddon River at Reach 5,Loddon River EWMP,V-SWQ1,"Maintain water quality at a level that is able to support fish and macroinvertebrates. In particular maintain adequate concentrations of dissolved oxygen, prevent salinity levels rising above 3,000 EC and prevent excessive water temperatures during low flow periods.",Ecosystem Functions,Vic,Loddon
Loddon River: Lower Loddon River at Reach 5,Loddon River EWMP,V-SG1,"Re-establish deep pools in areas that have been affected by sand slugs, maintain existing pools in other areas and replenish benches within the channel.",Ecosystem Functions,Vic,Loddon
Loddon River: Lower Loddon River at Reach 5,Loddon River EWMP,V-SG2,"Flush accumulated silt and sediment from substrates including rocks, submerged wood and macrophytes",Ecosystem Functions,Vic,Loddon
Pyramid Creek at Whole Creek,Loddon River EWMP,V-PF1,"To increase the population size, with an appropriate age structure, of native fish species in the impounded Loddon River System reaches",Native Fish,Vic,Loddon
Pyramid Creek at Whole Creek,Loddon River EWMP,V-PF1.1,Increase population size (with appropriate age structure) and distribution of River Blackfish and facilitate re-colonisation of Reach 1 via Laanecoorie Reservoir.,Native Fish,Vic,Loddon
Pyramid Creek at Whole Creek,Loddon River EWMP,V-PF1.2,"Enhance natural recruitment and dispersal of stocked Murray Cod populations in disconnected impoundments e.g. Laanecoorie Reservoir, Serpentine Weir pool, Loddon Weir pool, and large pools between Laanecoorie Reservoir and Serpentine Creek (Durham Ox weir pool).",Native Fish,Vic,Loddon
Pyramid Creek at Whole Creek,Loddon River EWMP,V-PF1.3,"Maintain habitat for stocked populations of Golden Perch in disconnected reaches e.g. Laanecoorie Reservoir, Serpentine Weir pool, Loddon Weir pool, and large pools between Laanecoorie Reservoir and Serpentine Creek",Native Fish,Vic,Loddon
Pyramid Creek at Whole Creek,Loddon River EWMP,V-PF1.4,"Increase population size (with appropriate age structure) of small-bodied native fish species including Murray-Darling Rainbowfish, Flathead Gudgeon, Carp Gudgeon, and Australian Smelt.",Native Fish,Vic,Loddon
Pyramid Creek at Whole Creek,Loddon River EWMP,V-PF2,"To increase the population size, with an appropriate age structure, and the diversity of native fish species, in the connected mid and lower Loddon River System",Native Fish,Vic,Loddon
Pyramid Creek at Whole Creek,Loddon River EWMP,V-PF2.1,"Increase population size and diversity (with appropriate age structure) of small-bodied native fish species including Murray-Darling Rainbowfish, Flathead Gudgeon, Carp Gudgeon, and Australian Smelt.",Native Fish,Vic,Loddon
Pyramid Creek at Whole Creek,Loddon River EWMP,V-PF2.2,Enhance natural recruitment of Murray Cod population and allow fish to disperse and colonise suitable habitats in the Mid-Murray floodplain system.,Native Fish,Vic,Loddon
Pyramid Creek at Whole Creek,Loddon River EWMP,V-PF2.3,Extend available critical habitat to facilitate recolonisation of large bodied fish such as Silver Perch and Golden Perch populations in the Mid-Murray floodplain system,Native Fish,Vic,Loddon
Pyramid Creek at Whole Creek,Loddon River EWMP,V-PP1 ,Increase size of resident breeding Platypus populations and facilitate dispersal of surplus juveniles that can colonise other reaches of the Loddon River and connected catchments.,Other Species,Vic,Loddon
Pyramid Creek at Whole Creek,Loddon River EWMP,V-PV1,"Maintain adult riparian woody vegetation (e.g. River Red Gum, Black Box, Bottlebrush, Tea Tree, Melaleuca and Tangled Lignum – species composition will vary between reaches) and facilitate recruitment adjacent to the river channel and in low lying floodplain areas that are watered via floodrunners",Native Vegetation,Vic,Loddon
Pyramid Creek at Whole Creek,Loddon River EWMP,V-PV2,"Maintain low lying floodplain vegetation communities. These communities are characterised by a River Red Gum overstorey and grassy, sedge or lignum understorey.",Native Vegetation,Vic,Loddon
Pyramid Creek at Whole Creek,Loddon River EWMP,V-SV1,Maintain and increase spatial extent of in-stream vegetation,Native Vegetation,Vic,Loddon
Pyramid Creek at Whole Creek,Loddon River EWMP,V-SV2,Increase diversity and appropriate spatial extent of native emergent fringing nonwoody vegetation along the banks and in floodrunners or anabranches.,Native Vegetation,Vic,Loddon
Pyramid Creek at Whole Creek,Loddon River EWMP,V-SV3,"Maintain biofilm productivity, especially on coarse woody debris.",Native Vegetation,Vic,Loddon
Pyramid Creek at Whole Creek,Loddon River EWMP,V-SB1,"Maintain/Increase aquatic biota such as Freshwater turtles, native frogs and water rats",Other Species,Vic,Loddon
Pyramid Creek at Whole Creek,Loddon River EWMP,V-SM1,Maintain/increase diversity and productivity of macroinvertebrates and macroinvertebrate functional feeding groups to drive productive and dynamic foodwebs.,Ecosystem Functions,Vic,Loddon
Pyramid Creek at Whole Creek,Loddon River EWMP,V-SWQ1,"Maintain water quality at a level that is able to support fish and macroinvertebrates. In particular maintain adequate concentrations of dissolved oxygen, prevent salinity levels rising above 3,000 EC and prevent excessive water temperatures during low flow periods.",Ecosystem Functions,Vic,Loddon
Pyramid Creek at Whole Creek,Loddon River EWMP,V-SG1,"Re-establish deep pools in areas that have been affected by sand slugs, maintain existing pools in other areas and replenish benches within the channel.",Ecosystem Functions,Vic,Loddon
Pyramid Creek at Whole Creek,Loddon River EWMP,V-SG2,"Flush accumulated silt and sediment from substrates including rocks, submerged wood and macrophytes",Ecosystem Functions,Vic,Loddon
Birchs Creek Reach 1,Birch Creek EWMP,V-P1,"Increase abundance and diversity of native fish such as River Blackfish, Mountain Galaxias, Flatheaded Gudgeon and Australian Smelt",Native Fish,Vic,Loddon
Birchs Creek Reach 1,Birch Creek EWMP,V-P2,Provide conditions that consistently support widespread successful breeding by Platypus to increase population resilience to future drought and floods and to provide surplus juveniles that can disperse to Creswick Creek and Tullaroop Creek,Other Species,Vic,Loddon
Birchs Creek Reach 1,Birch Creek EWMP,V-S1,"Maintain and increase overall abundance, diversity and productivity of macroinvertebrates and macroinvertebrate functional feeding groups to drive productive and dynamic food webs",Ecosystem Functions,Vic,Loddon
Birchs Creek Reach 1,Birch Creek EWMP,V-S2,Provide habitat and flow conditions that will allow River Blackfish to re-establish in Reaches 1 & 2,Native Fish,Vic,Loddon
Birchs Creek Reach 1,Birch Creek EWMP,V-S3,Maintain water quality that is able to support aquatic biota and ecological processes,Ecosystem Functions,Vic,Loddon
Birchs Creek Reach 1,Birch Creek EWMP,V-S4,Maintain (Reach 3) and improve (Reaches 1 & 2) diversity and abundance of instream aquatics,Native Vegetation,Vic,Loddon
Birchs Creek Reach 1,Birch Creek EWMP,V-S5,Reduce dominance of exotic instream aquatics such as Elodea (especially in Reaches 1 and 2),Native Vegetation,Vic,Loddon
Birchs Creek Reach 1,Birch Creek EWMP,V-S6,Maintain and improve abundance and diversity of emergent fringing vegetation,Native Vegetation,Vic,Loddon
Birchs Creek Reach 1,Birch Creek EWMP,V-S7,"Maintain (Reach 3) and restore (Reaches 1 & 2) adult riparian woody vegetation (e.g. Swamp Gum, Manna Gum, River Red Gum) and facilitate recruitment.",Native Vegetation,Vic,Loddon
Birchs Creek Reach 2,Birch Creek EWMP,V-P1,"Increase abundance and diversity of native fish such as River Blackfish, Mountain Galaxias, Flatheaded Gudgeon and Australian Smelt",Native Fish,Vic,Loddon
Birchs Creek Reach 2,Birch Creek EWMP,V-P2,Provide conditions that consistently support widespread successful breeding by Platypus to increase population resilience to future drought and floods and to provide surplus juveniles that can disperse to Creswick Creek and Tullaroop Creek,Other Species,Vic,Loddon
Birchs Creek Reach 2,Birch Creek EWMP,V-S1,"Maintain and increase overall abundance, diversity and productivity of macroinvertebrates and macroinvertebrate functional feeding groups to drive productive and dynamic food webs",Ecosystem Functions,Vic,Loddon
Birchs Creek Reach 2,Birch Creek EWMP,V-S2,Provide habitat and flow conditions that will allow River Blackfish to re-establish in Reaches 1 & 2,Native Fish,Vic,Loddon
Birchs Creek Reach 2,Birch Creek EWMP,V-S3,Maintain water quality that is able to support aquatic biota and ecological processes,Ecosystem Functions,Vic,Loddon
Birchs Creek Reach 2,Birch Creek EWMP,V-S4,Maintain (Reach 3) and improve (Reaches 1 & 2) diversity and abundance of instream aquatics,Native Vegetation,Vic,Loddon
Birchs Creek Reach 2,Birch Creek EWMP,V-S5,Reduce dominance of exotic instream aquatics such as Elodea (especially in Reaches 1 and 2),Native Vegetation,Vic,Loddon
Birchs Creek Reach 2,Birch Creek EWMP,V-S6,Maintain and improve abundance and diversity of emergent fringing vegetation,Native Vegetation,Vic,Loddon
Birchs Creek Reach 2,Birch Creek EWMP,V-S7,"Maintain (Reach 3) and restore (Reaches 1 & 2) adult riparian woody vegetation (e.g. Swamp Gum, Manna Gum, River Red Gum) and facilitate recruitment.",Native Vegetation,Vic,Loddon
Birchs Creek Reach 3,Birch Creek EWMP,V-P1,"Increase abundance and diversity of native fish such as River Blackfish, Mountain Galaxias, Flatheaded Gudgeon and Australian Smelt",Native Fish,Vic,Loddon
Birchs Creek Reach 3,Birch Creek EWMP,V-P2,Provide conditions that consistently support widespread successful breeding by Platypus to increase population resilience to future drought and floods and to provide surplus juveniles that can disperse to Creswick Creek and Tullaroop Creek,Other Species,Vic,Loddon
Birchs Creek Reach 3,Birch Creek EWMP,V-S1,"Maintain and increase overall abundance, diversity and productivity of macroinvertebrates and macroinvertebrate functional feeding groups to drive productive and dynamic food webs",Ecosystem Functions,Vic,Loddon
Birchs Creek Reach 3,Birch Creek EWMP,V-S2,Provide habitat and flow conditions that will allow River Blackfish to re-establish in Reaches 1 & 2,Native Fish,Vic,Loddon
Birchs Creek Reach 3,Birch Creek EWMP,V-S3,Maintain water quality that is able to support aquatic biota and ecological processes,Ecosystem Functions,Vic,Loddon
Birchs Creek Reach 3,Birch Creek EWMP,V-S4,Maintain (Reach 3) and improve (Reaches 1 & 2) diversity and abundance of instream aquatics,Native Vegetation,Vic,Loddon
Birchs Creek Reach 3,Birch Creek EWMP,V-S5,Reduce dominance of exotic instream aquatics such as Elodea (especially in Reaches 1 and 2),Native Vegetation,Vic,Loddon
Birchs Creek Reach 3,Birch Creek EWMP,V-S6,Maintain and improve abundance and diversity of emergent fringing vegetation,Native Vegetation,Vic,Loddon
Birchs Creek Reach 3,Birch Creek EWMP,V-S7,"Maintain (Reach 3) and restore (Reaches 1 & 2) adult riparian woody vegetation (e.g. Swamp Gum, Manna Gum, River Red Gum) and facilitate recruitment.",Native Vegetation,Vic,Loddon
